ID,time,PSA
NSFTV_1,1,-8.691570999
NSFTV_3,1,-19.92798227
NSFTV_4,1,-14.76069867
NSFTV_5,1,-8.8046482
NSFTV_6,1,-12.12788397
NSFTV_7,1,4.264447821
NSFTV_8,1,-8.131999973
NSFTV_9,1,-1.791316003
NSFTV_10,1,-4.440675284
NSFTV_11,1,-5.183036782
NSFTV_13,1,-16.08313957
NSFTV_14,1,-9.252914608
NSFTV_15,1,-0.849662919
NSFTV_16,1,-12.17079322
NSFTV_17,1,-16.05241327
NSFTV_18,1,-16.01731414
NSFTV_23,1,-3.68562554
NSFTV_24,1,-7.057722223
NSFTV_25,1,-10.70481493
NSFTV_26,1,-8.377198942
NSFTV_27,1,-10.71245026
NSFTV_29,1,-2.882452504
NSFTV_31,1,-6.249461903
NSFTV_32,1,-6.836518803
NSFTV_33,1,-18.24399574
NSFTV_39,1,-14.53604144
NSFTV_40,1,-5.778179331
NSFTV_41,1,-8.035536089
NSFTV_43,1,-20.35502476
NSFTV_44,1,-14.49935988
NSFTV_45,1,-9.216505471
NSFTV_46,1,-16.00766427
NSFTV_49,1,-9.609014137
NSFTV_50,1,-18.51255027
NSFTV_51,1,-3.641481979
NSFTV_53,1,-15.93548732
NSFTV_55,1,-11.63684417
NSFTV_56,1,-8.002541963
NSFTV_57,1,-18.94463151
NSFTV_58,1,-13.41685587
NSFTV_59,1,-9.812014224
NSFTV_60,1,-2.558311701
NSFTV_61,1,-27.04085027
NSFTV_63,1,-8.443171956
NSFTV_65,1,-12.32704618
NSFTV_66,1,-16.2686936
NSFTV_67,1,3.684620424
NSFTV_68,1,-16.19993425
NSFTV_70,1,-15.81040228
NSFTV_71,1,-20.1982157
NSFTV_72,1,-10.96953449
NSFTV_73,1,-8.661344933
NSFTV_74,1,-14.85217932
NSFTV_75,1,-7.66750515
NSFTV_76,1,-17.46301511
NSFTV_77,1,-15.75880085
NSFTV_78,1,-12.53919947
NSFTV_79,1,-14.40568903
NSFTV_80,1,-13.30122597
NSFTV_81,1,-6.756621412
NSFTV_83,1,-4.291953686
NSFTV_84,1,-9.930827493
NSFTV_85,1,-11.01706138
NSFTV_86,1,-0.8802395
NSFTV_87,1,-11.66729197
NSFTV_88,1,-1.9780791
NSFTV_89,1,-7.941714499
NSFTV_92,1,-13.39437971
NSFTV_93,1,-10.07735125
NSFTV_94,1,-5.207515497
NSFTV_96,1,-3.374920122
NSFTV_97,1,-19.21159203
NSFTV_98,1,-4.170258043
NSFTV_99,1,-3.936011093
NSFTV_101,1,-5.400001077
NSFTV_102,1,-15.49997559
NSFTV_103,1,-2.496178166
NSFTV_105,1,-2.33413036
NSFTV_106,1,-14.39414219
NSFTV_107,1,-6.698408724
NSFTV_108,1,-12.20762859
NSFTV_109,1,-9.081356111
NSFTV_113,1,-5.155389795
NSFTV_114,1,-19.14181113
NSFTV_116,1,-4.305231497
NSFTV_117,1,-20.89270012
NSFTV_118,1,-0.297416571
NSFTV_120,1,-8.537929056
NSFTV_121,1,-11.69499202
NSFTV_122,1,-15.57472512
NSFTV_123,1,-17.87441606
NSFTV_124,1,-9.959135508
NSFTV_125,1,-23.10946983
NSFTV_128,1,-6.824529307
NSFTV_129,1,-21.88744861
NSFTV_130,1,-21.53932419
NSFTV_131,1,-1.17684645
NSFTV_132,1,-17.90164803
NSFTV_134,1,-6.194094758
NSFTV_139,1,-8.17362628
NSFTV_140,1,-13.96391801
NSFTV_141,1,-7.165196825
NSFTV_142,1,-7.311152677
NSFTV_143,1,-6.739004262
NSFTV_144,1,-14.92616497
NSFTV_145,1,-2.587134598
NSFTV_146,1,-5.93962795
NSFTV_147,1,1.066942018
NSFTV_148,1,-17.85092221
NSFTV_149,1,-5.744653749
NSFTV_150,1,-7.918944094
NSFTV_151,1,-3.662567216
NSFTV_152,1,-12.06744991
NSFTV_153,1,-20.03420484
NSFTV_154,1,-1.923795499
NSFTV_155,1,-0.193052269
NSFTV_156,1,-14.54247999
NSFTV_157,1,-11.71171319
NSFTV_158,1,-3.354703793
NSFTV_160,1,-12.41228064
NSFTV_161,1,-19.46241908
NSFTV_162,1,-15.10941888
NSFTV_163,1,-15.35018221
NSFTV_164,1,-5.869535173
NSFTV_165,1,-12.52196982
NSFTV_166,1,-9.867045209
NSFTV_168,1,-16.30336822
NSFTV_171,1,-19.85494636
NSFTV_173,1,-4.957480289
NSFTV_174,1,-4.812439691
NSFTV_176,1,-11.02115107
NSFTV_177,1,-17.4666406
NSFTV_179,1,-8.041777689
NSFTV_180,1,-2.908400239
NSFTV_182,1,-12.33775511
NSFTV_183,1,-11.3866854
NSFTV_184,1,-1.502413242
NSFTV_185,1,-16.42660317
NSFTV_186,1,-2.882571269
NSFTV_187,1,-2.967346219
NSFTV_188,1,-3.92149654
NSFTV_189,1,-8.56425849
NSFTV_190,1,-5.148811603
NSFTV_191,1,-12.23884586
NSFTV_192,1,-2.949030626
NSFTV_193,1,-13.72686472
NSFTV_195,1,-10.87587154
NSFTV_198,1,-7.387656802
NSFTV_199,1,-3.577042757
NSFTV_200,1,-8.676219521
NSFTV_202,1,-12.95617206
NSFTV_203,1,-16.80830806
NSFTV_205,1,-5.204109958
NSFTV_206,1,-13.27562704
NSFTV_207,1,-9.685078682
NSFTV_208,1,-6.122724438
NSFTV_209,1,-26.47202267
NSFTV_211,1,-1.479469458
NSFTV_213,1,-1.332407072
NSFTV_214,1,-7.521314558
NSFTV_215,1,-5.032516501
NSFTV_217,1,-2.548269813
NSFTV_218,1,-2.056121546
NSFTV_219,1,-4.48925689
NSFTV_220,1,1.234620743
NSFTV_221,1,-11.54140649
NSFTV_222,1,-21.18377309
NSFTV_223,1,-18.53355263
NSFTV_224,1,-7.436777855
NSFTV_225,1,-9.727016488
NSFTV_226,1,-6.82291253
NSFTV_228,1,-11.89602689
NSFTV_233,1,-9.665747308
NSFTV_234,1,-3.400414806
NSFTV_235,1,-14.00159751
NSFTV_236,1,-4.9455186
NSFTV_237,1,-18.21025863
NSFTV_240,1,-12.35974176
NSFTV_241,1,-14.76293252
NSFTV_242,1,-5.837843857
NSFTV_243,1,-8.59574245
NSFTV_248,1,-6.024736754
NSFTV_250,1,-1.629937803
NSFTV_251,1,-14.35625757
NSFTV_252,1,-14.5043684
NSFTV_254,1,-19.18623212
NSFTV_255,1,-16.96529691
NSFTV_257,1,-3.175908418
NSFTV_259,1,-12.77569317
NSFTV_261,1,-11.1615985
NSFTV_262,1,-13.57497555
NSFTV_264,1,-5.282746308
NSFTV_266,1,-8.76367593
NSFTV_267,1,-12.08298396
NSFTV_268,1,0.559181916
NSFTV_269,1,-5.610587215
NSFTV_270,1,-2.124597448
NSFTV_271,1,-2.26841875
NSFTV_272,1,-8.058478835
NSFTV_273,1,-12.32242544
NSFTV_274,1,-1.232547196
NSFTV_275,1,-9.290622694
NSFTV_277,1,-3.138661935
NSFTV_278,1,-12.84984576
NSFTV_279,1,-2.631515205
NSFTV_280,1,-2.760197802
NSFTV_282,1,-5.731751808
NSFTV_283,1,-1.662998919
NSFTV_285,1,-17.13767637
NSFTV_286,1,-6.696100007
NSFTV_287,1,-4.250065336
NSFTV_288,1,-5.663944843
NSFTV_289,1,-8.403336871
NSFTV_290,1,-8.106164993
NSFTV_291,1,-6.232066369
NSFTV_293,1,-9.549014477
NSFTV_296,1,-7.708385646
NSFTV_297,1,-11.94384449
NSFTV_298,1,-22.46776816
NSFTV_299,1,-12.46864237
NSFTV_300,1,-3.551007761
NSFTV_301,1,-1.355431232
NSFTV_302,1,-4.622721473
NSFTV_303,1,-18.82599247
NSFTV_304,1,-14.43534834
NSFTV_305,1,-3.426905835
NSFTV_306,1,-10.68600637
NSFTV_310,1,-3.264935878
NSFTV_311,1,-8.982556408
NSFTV_312,1,-13.01876731
NSFTV_313,1,-18.38055488
NSFTV_314,1,-17.76073688
NSFTV_315,1,-12.10489917
NSFTV_316,1,-7.08020876
NSFTV_317,1,-14.21993609
NSFTV_318,1,-8.59910225
NSFTV_320,1,-7.862201828
NSFTV_323,1,-11.81264228
NSFTV_324,1,-13.73736961
NSFTV_325,1,-25.66060797
NSFTV_328,1,-9.993480308
NSFTV_329,1,-17.55963302
NSFTV_330,1,-16.32260065
NSFTV_331,1,-15.69167203
NSFTV_332,1,-31.40625868
NSFTV_333,1,-12.42974194
NSFTV_334,1,-1.139329784
NSFTV_336,1,-12.763836
NSFTV_337,1,-16.28412222
NSFTV_340,1,2.659624994
NSFTV_341,1,-11.88236458
NSFTV_343,1,-4.781377864
NSFTV_345,1,-11.53575093
NSFTV_346,1,-15.56078143
NSFTV_347,1,-5.347406847
NSFTV_348,1,-12.03972919
NSFTV_349,1,-19.81586338
NSFTV_353,1,-12.20951411
NSFTV_355,1,-12.59748935
NSFTV_356,1,-18.93703678
NSFTV_357,1,-17.06325507
NSFTV_358,1,2.359595015
NSFTV_359,1,-14.59338971
NSFTV_360,1,-13.55498249
NSFTV_363,1,-6.090589798
NSFTV_364,1,-10.29375784
NSFTV_366,1,-2.956140683
NSFTV_368,1,-3.690794282
NSFTV_369,1,-11.33781322
NSFTV_370,1,-21.81156478
NSFTV_371,1,-11.37281144
NSFTV_372,1,-8.073660088
NSFTV_375,1,-9.346890707
NSFTV_376,1,-6.298391906
NSFTV_377,1,-16.38469918
NSFTV_378,1,-12.74062816
NSFTV_379,1,-12.99948156
NSFTV_380,1,-6.316962343
NSFTV_381,1,-9.656655106
NSFTV_384,1,3.203745663
NSFTV_385,1,-10.29198842
NSFTV_386,1,-6.101256753
NSFTV_387,1,-12.814347
NSFTV_389,1,-9.444922469
NSFTV_391,1,-4.094813841
NSFTV_392,1,-7.868800691
NSFTV_394,1,-20.76996004
NSFTV_395,1,-9.309838245
NSFTV_396,1,-11.88843588
NSFTV_616,1,-18.82364467
NSFTV_619,1,-2.650770185
NSFTV_621,1,-5.369344632
NSFTV_622,1,-8.969037289
NSFTV_641,1,-8.045333255
NSFTV_642,1,-17.80090783
NSFTV_643,1,-24.35526999
NSFTV_647,1,-0.174359817
NSFTV_651,1,-11.92802704
NSFTV_19,1,-17.58978062
NSFTV_30,1,-10.67072415
NSFTV_36,1,-3.590337279
NSFTV_52,1,-2.311239733
NSFTV_54,1,-9.390534001
NSFTV_62,1,-6.99133277
NSFTV_64,1,-7.562364114
NSFTV_104,1,-7.661766121
NSFTV_159,1,-17.45384173
NSFTV_169,1,-7.968764683
NSFTV_172,1,-12.80681193
NSFTV_229,1,-10.56637867
NSFTV_245,1,-10.90090566
NSFTV_247,1,-2.600396218
NSFTV_263,1,-0.613095282
NSFTV_265,1,-8.447185577
NSFTV_281,1,-9.585545074
NSFTV_284,1,-12.06163579
NSFTV_292,1,-1.79790079
NSFTV_295,1,-6.403422555
NSFTV_390,1,-15.68034225
NSFTV_620,1,-9.273955545
NSFTV_623,1,-6.543582565
NSFTV_624,1,-5.497976321
NSFTV_625,1,-4.161514672
NSFTV_626,1,-24.4876602
NSFTV_627,1,-6.869835038
NSFTV_633,1,-7.801866659
NSFTV_634,1,-19.47289024
NSFTV_244,1,-8.339324583
NSFTV_135,1,-4.488104776
NSFTV_326,1,-13.736497
NSFTV_37,1,-17.8030375
NSFTV_629,1,-3.55532969
NSFTV_342,1,-15.01609124
NSFTV_90,1,-16.98133641
NSFTV_327,1,-13.64666227
NSFTV_322,1,-11.09093069
NSFTV_112,1,-5.748270009
NSFTV_352,1,-6.077590426
NSFTV_231,1,-20.1793454
NSFTV_227,1,-11.13824215
NSFTV_167,1,-7.351296786
NSFTV_253,1,3.006702659
NSFTV_246,1,-19.91706938
NSFTV_239,1,-11.96463113
NSFTV_397,1,-2.9610009
NSFTV_618,1,-21.89946436
NSFTV_373,1,-11.45391236
NSFTV_260,1,-9.834937551
NSFTV_338,1,-4.706541018
NSFTV_388,1,-16.00176995
NSFTV_365,1,-6.604698043
NSFTV_307,1,-8.246669236
NSFTV_21,1,-20.6869318
NSFTV_256,1,-16.17046152
NSFTV_339,1,-24.62910796
NSFTV_133,1,-7.457896372
NSFTV_216,1,-3.523193998
NSFTV_1,2,-14.72572879
NSFTV_3,2,-23.86003526
NSFTV_4,2,-7.690109593
NSFTV_5,2,-11.04877326
NSFTV_6,2,0.924307865
NSFTV_7,2,2.806480008
NSFTV_8,2,-8.541524347
NSFTV_9,2,-5.241393423
NSFTV_10,2,-4.703140644
NSFTV_11,2,-14.73050163
NSFTV_13,2,-9.541654883
NSFTV_14,2,-0.519181526
NSFTV_15,2,-2.13408761
NSFTV_16,2,-12.59506735
NSFTV_17,2,-21.53360123
NSFTV_18,2,-13.64138833
NSFTV_23,2,0.173184269
NSFTV_24,2,0.445533131
NSFTV_25,2,-18.56749853
NSFTV_26,2,-5.49091732
NSFTV_27,2,-6.865936684
NSFTV_29,2,-1.983824398
NSFTV_31,2,-5.280261463
NSFTV_32,2,-7.400864815
NSFTV_33,2,-21.20662812
NSFTV_39,2,-18.97060787
NSFTV_40,2,-6.517392512
NSFTV_41,2,2.640081525
NSFTV_43,2,-6.740262759
NSFTV_44,2,-12.57822722
NSFTV_45,2,-13.53431072
NSFTV_46,2,-21.35464182
NSFTV_49,2,-8.152317975
NSFTV_50,2,-15.56652297
NSFTV_51,2,4.843164661
NSFTV_53,2,-12.86919275
NSFTV_55,2,-9.796728412
NSFTV_56,2,10.47035199
NSFTV_57,2,-20.23887028
NSFTV_58,2,-10.73749317
NSFTV_59,2,-5.597011975
NSFTV_60,2,-5.56570398
NSFTV_61,2,-23.23676169
NSFTV_63,2,-6.038536804
NSFTV_65,2,-8.273655587
NSFTV_66,2,-16.89413345
NSFTV_67,2,-4.909613194
NSFTV_68,2,-11.54000516
NSFTV_70,2,-3.549794918
NSFTV_71,2,-17.9417261
NSFTV_72,2,-12.80996279
NSFTV_73,2,-2.969387016
NSFTV_74,2,-17.00182652
NSFTV_75,2,-14.00211592
NSFTV_76,2,-14.11678537
NSFTV_77,2,-14.25753533
NSFTV_78,2,-15.80069909
NSFTV_79,2,-13.35683069
NSFTV_80,2,-6.022994734
NSFTV_81,2,-15.3104303
NSFTV_83,2,-4.322856781
NSFTV_84,2,-10.41257253
NSFTV_85,2,-9.502514013
NSFTV_86,2,-7.465720556
NSFTV_87,2,-7.743004808
NSFTV_88,2,-13.80062688
NSFTV_89,2,-5.305934429
NSFTV_92,2,-7.470720076
NSFTV_93,2,-16.23119998
NSFTV_94,2,-6.504197085
NSFTV_96,2,-7.60303001
NSFTV_97,2,-16.50920658
NSFTV_98,2,-5.37576755
NSFTV_99,2,-7.816774263
NSFTV_101,2,1.029996459
NSFTV_102,2,-14.4282897
NSFTV_103,2,-7.528332361
NSFTV_105,2,-2.920050966
NSFTV_106,2,-21.75866667
NSFTV_107,2,-9.990830397
NSFTV_108,2,-1.357083478
NSFTV_109,2,-10.20887783
NSFTV_113,2,-7.189286884
NSFTV_114,2,-14.43260941
NSFTV_116,2,-4.681061282
NSFTV_117,2,-17.76244237
NSFTV_118,2,-6.19109617
NSFTV_120,2,0.714037181
NSFTV_121,2,-10.01056086
NSFTV_122,2,-14.7880595
NSFTV_123,2,-14.14881643
NSFTV_124,2,-20.71169268
NSFTV_125,2,-18.16405512
NSFTV_128,2,-8.103038297
NSFTV_129,2,-17.03075619
NSFTV_130,2,-21.11128525
NSFTV_131,2,-7.400587895
NSFTV_132,2,-5.985231322
NSFTV_134,2,-10.78794609
NSFTV_139,2,-16.12821184
NSFTV_140,2,-12.44672013
NSFTV_141,2,-15.51892155
NSFTV_142,2,-15.71541782
NSFTV_143,2,-10.27739978
NSFTV_144,2,-5.288183233
NSFTV_145,2,-9.056264695
NSFTV_146,2,-10.31615231
NSFTV_147,2,-3.195073035
NSFTV_148,2,-12.4520797
NSFTV_149,2,-8.660092397
NSFTV_150,2,-7.845933007
NSFTV_151,2,-7.882774058
NSFTV_152,2,-5.365931135
NSFTV_153,2,-17.33216616
NSFTV_154,2,-2.323368682
NSFTV_155,2,-3.014300177
NSFTV_156,2,-14.17330796
NSFTV_157,2,-2.683486989
NSFTV_158,2,-1.726165684
NSFTV_160,2,-9.704654221
NSFTV_161,2,-2.277708368
NSFTV_162,2,-22.79729445
NSFTV_163,2,-16.95731675
NSFTV_164,2,-9.477120372
NSFTV_165,2,-6.467071868
NSFTV_166,2,-10.05501864
NSFTV_168,2,-6.54451883
NSFTV_171,2,-10.28459518
NSFTV_173,2,-1.91095716
NSFTV_174,2,-6.212859487
NSFTV_176,2,-4.799601873
NSFTV_177,2,-3.609946274
NSFTV_179,2,-8.365478504
NSFTV_180,2,-6.427517209
NSFTV_182,2,-12.21529339
NSFTV_183,2,-4.423370178
NSFTV_184,2,-7.959701283
NSFTV_185,2,-20.27449579
NSFTV_186,2,-4.146538678
NSFTV_187,2,-5.970980643
NSFTV_188,2,-8.96325166
NSFTV_189,2,-8.038261967
NSFTV_190,2,-9.02523953
NSFTV_191,2,-9.739804291
NSFTV_192,2,-1.336844919
NSFTV_193,2,-2.678251912
NSFTV_195,2,-5.566876564
NSFTV_198,2,-6.074018962
NSFTV_199,2,-7.13708559
NSFTV_200,2,-17.84580294
NSFTV_202,2,-13.99204984
NSFTV_203,2,-9.526319371
NSFTV_205,2,-3.768730358
NSFTV_206,2,-10.29152686
NSFTV_207,2,-10.93152948
NSFTV_208,2,-11.54652009
NSFTV_209,2,-21.40992943
NSFTV_211,2,8.432073334
NSFTV_213,2,-4.199167423
NSFTV_214,2,-6.548021626
NSFTV_215,2,-15.84264769
NSFTV_217,2,-1.621560845
NSFTV_218,2,-1.517252253
NSFTV_219,2,-9.013686122
NSFTV_220,2,-13.31272454
NSFTV_221,2,-5.075384063
NSFTV_222,2,-11.62253885
NSFTV_223,2,-10.14995037
NSFTV_224,2,-10.55991719
NSFTV_225,2,-2.507001403
NSFTV_226,2,-5.870461941
NSFTV_228,2,-13.56984175
NSFTV_233,2,-0.162863755
NSFTV_234,2,-18.57625342
NSFTV_235,2,-15.56132449
NSFTV_236,2,-12.33923431
NSFTV_237,2,-8.404472195
NSFTV_240,2,-21.98264814
NSFTV_241,2,-11.09429773
NSFTV_242,2,-6.571283734
NSFTV_243,2,-8.247637179
NSFTV_248,2,-8.037270867
NSFTV_250,2,-4.718797727
NSFTV_251,2,-21.27012014
NSFTV_252,2,-12.98181063
NSFTV_254,2,-11.72764703
NSFTV_255,2,-15.80291607
NSFTV_257,2,-7.071276519
NSFTV_259,2,-20.68898667
NSFTV_261,2,-10.48355527
NSFTV_262,2,-18.54935205
NSFTV_264,2,-8.191239682
NSFTV_266,2,-10.67393779
NSFTV_267,2,-5.640877922
NSFTV_268,2,-10.23137832
NSFTV_269,2,2.266858705
NSFTV_270,2,-11.18029525
NSFTV_271,2,-5.022655586
NSFTV_272,2,-19.88793301
NSFTV_273,2,-10.48277804
NSFTV_274,2,-2.658176308
NSFTV_275,2,-9.141549794
NSFTV_277,2,-8.335034393
NSFTV_278,2,-9.290923522
NSFTV_279,2,-5.31913717
NSFTV_280,2,-12.23849622
NSFTV_282,2,-9.981722734
NSFTV_283,2,-11.27902503
NSFTV_285,2,-13.59839906
NSFTV_286,2,-12.91992602
NSFTV_287,2,-5.654513548
NSFTV_288,2,-5.597282569
NSFTV_289,2,2.882902165
NSFTV_290,2,-10.03476537
NSFTV_291,2,-0.924378098
NSFTV_293,2,-15.49665572
NSFTV_296,2,-11.58654513
NSFTV_297,2,-8.889961688
NSFTV_298,2,-22.06969535
NSFTV_299,2,-17.84949382
NSFTV_300,2,-11.97001494
NSFTV_301,2,-6.32644926
NSFTV_302,2,-11.89305916
NSFTV_303,2,-6.288072179
NSFTV_304,2,-21.3431891
NSFTV_305,2,-4.251139366
NSFTV_306,2,-8.499462225
NSFTV_310,2,-7.796228161
NSFTV_311,2,-6.966575512
NSFTV_312,2,-17.20488682
NSFTV_313,2,-12.09261293
NSFTV_314,2,-3.396019822
NSFTV_315,2,-13.64935716
NSFTV_316,2,-7.440202603
NSFTV_317,2,-11.55108429
NSFTV_318,2,-18.74794938
NSFTV_320,2,-13.49925355
NSFTV_323,2,-8.848843105
NSFTV_324,2,-10.4307727
NSFTV_325,2,-33.35585433
NSFTV_328,2,-9.504837874
NSFTV_329,2,-9.12401999
NSFTV_330,2,-17.86374989
NSFTV_331,2,-16.15859047
NSFTV_332,2,-13.01069174
NSFTV_333,2,-6.664609085
NSFTV_334,2,-4.770921121
NSFTV_336,2,-15.58745702
NSFTV_337,2,-24.94074623
NSFTV_340,2,-11.23084348
NSFTV_341,2,-19.17401684
NSFTV_343,2,-1.581326625
NSFTV_345,2,-4.496234807
NSFTV_346,2,-7.424427598
NSFTV_347,2,-6.194975451
NSFTV_348,2,-14.40885197
NSFTV_349,2,-19.55235969
NSFTV_353,2,-11.98731706
NSFTV_355,2,-14.42794507
NSFTV_356,2,-18.6003336
NSFTV_357,2,1.977161533
NSFTV_358,2,-2.300424679
NSFTV_359,2,-6.246478625
NSFTV_360,2,-8.522865023
NSFTV_363,2,-8.385739074
NSFTV_364,2,-4.978607783
NSFTV_366,2,-5.957017838
NSFTV_368,2,-10.00265424
NSFTV_369,2,-7.103399239
NSFTV_370,2,-21.31901357
NSFTV_371,2,-4.722625889
NSFTV_372,2,-5.868511163
NSFTV_375,2,-6.73284571
NSFTV_376,2,-7.880491858
NSFTV_377,2,-7.406154951
NSFTV_378,2,-15.84312269
NSFTV_379,2,-17.74781444
NSFTV_380,2,-3.7340801
NSFTV_381,2,-10.95708154
NSFTV_384,2,0.296500714
NSFTV_385,2,-13.64885035
NSFTV_386,2,-5.505450614
NSFTV_387,2,-6.737404173
NSFTV_389,2,-19.52274083
NSFTV_391,2,-14.33351674
NSFTV_392,2,-1.626073157
NSFTV_394,2,-8.891146506
NSFTV_395,2,-14.97725171
NSFTV_396,2,-9.40637739
NSFTV_616,2,-9.981297304
NSFTV_619,2,-11.90155254
NSFTV_621,2,-0.374442053
NSFTV_622,2,-6.423710684
NSFTV_641,2,-15.27869391
NSFTV_642,2,-20.11161766
NSFTV_643,2,-25.56689752
NSFTV_647,2,-3.942945454
NSFTV_651,2,-16.31678768
NSFTV_19,2,-21.80122167
NSFTV_30,2,-5.102710693
NSFTV_36,2,-3.682702558
NSFTV_52,2,-6.613875752
NSFTV_54,2,-9.534767049
NSFTV_62,2,-5.210283077
NSFTV_64,2,-3.019367312
NSFTV_104,2,-11.28906187
NSFTV_159,2,-15.8936225
NSFTV_169,2,-5.648622962
NSFTV_172,2,-10.96626917
NSFTV_229,2,-4.32207565
NSFTV_245,2,-3.737961965
NSFTV_247,2,-4.571347594
NSFTV_263,2,-9.844530464
NSFTV_265,2,-6.391796656
NSFTV_281,2,-14.28302373
NSFTV_284,2,-9.344160531
NSFTV_292,2,0.065151511
NSFTV_295,2,-5.426755053
NSFTV_390,2,-13.07695271
NSFTV_620,2,-11.79103333
NSFTV_623,2,-11.56451259
NSFTV_624,2,-3.519728941
NSFTV_625,2,1.325807661
NSFTV_626,2,-19.58326368
NSFTV_627,2,-4.298815876
NSFTV_633,2,-17.42306837
NSFTV_634,2,-10.50366298
NSFTV_244,2,-0.656128198
NSFTV_135,2,-6.453193735
NSFTV_326,2,-7.984802164
NSFTV_37,2,-9.527302937
NSFTV_629,2,-2.586066958
NSFTV_342,2,-11.55607613
NSFTV_90,2,-16.95208289
NSFTV_327,2,-8.668075249
NSFTV_322,2,-8.28247928
NSFTV_112,2,-5.47988865
NSFTV_352,2,-6.639420707
NSFTV_231,2,-20.9470449
NSFTV_227,2,-13.10536687
NSFTV_167,2,-10.2497592
NSFTV_253,2,-15.18016389
NSFTV_246,2,-13.735798
NSFTV_239,2,-20.08847981
NSFTV_397,2,-11.22779955
NSFTV_618,2,-5.062462368
NSFTV_373,2,-5.262114602
NSFTV_260,2,-10.20654647
NSFTV_338,2,-6.268288458
NSFTV_388,2,-7.234831697
NSFTV_365,2,-6.324135813
NSFTV_307,2,-2.457234177
NSFTV_21,2,-24.50813459
NSFTV_256,2,-8.003382205
NSFTV_339,2,-15.02193449
NSFTV_133,2,-4.476042254
NSFTV_216,2,-15.64900935
NSFTV_1,3,-6.704057903
NSFTV_3,3,-10.83073172
NSFTV_4,3,-5.609153306
NSFTV_5,3,-16.00796747
NSFTV_6,3,-14.00430847
NSFTV_7,3,0.36757693
NSFTV_8,3,-11.67946165
NSFTV_9,3,-0.85693464
NSFTV_10,3,-4.463598456
NSFTV_11,3,-10.91673163
NSFTV_13,3,-10.18836951
NSFTV_14,3,-5.486838156
NSFTV_15,3,-11.8526473
NSFTV_16,3,0.974388419
NSFTV_17,3,-20.20424663
NSFTV_18,3,-12.06696307
NSFTV_23,3,-3.316044291
NSFTV_24,3,2.978857278
NSFTV_25,3,-8.995923047
NSFTV_26,3,-8.790032812
NSFTV_27,3,-6.249430345
NSFTV_29,3,-0.577718832
NSFTV_31,3,4.431905821
NSFTV_32,3,-4.441592287
NSFTV_33,3,-19.32582175
NSFTV_39,3,-20.19019641
NSFTV_40,3,3.922274552
NSFTV_41,3,-15.33979697
NSFTV_43,3,-3.726075645
NSFTV_44,3,-11.71848279
NSFTV_45,3,-10.72706971
NSFTV_46,3,-11.9114707
NSFTV_49,3,-4.86274091
NSFTV_50,3,-8.557059664
NSFTV_51,3,-12.84310288
NSFTV_53,3,-7.327074789
NSFTV_55,3,-8.262825873
NSFTV_56,3,-2.573745765
NSFTV_57,3,-19.28460657
NSFTV_58,3,-20.86414687
NSFTV_59,3,-1.487834436
NSFTV_60,3,-10.52162523
NSFTV_61,3,-22.31253902
NSFTV_63,3,-10.24896278
NSFTV_65,3,-8.092669995
NSFTV_66,3,-12.0300901
NSFTV_67,3,-1.465332271
NSFTV_68,3,-11.00157265
NSFTV_70,3,-13.46163083
NSFTV_71,3,-12.33545027
NSFTV_72,3,-9.133952521
NSFTV_73,3,-1.227394833
NSFTV_74,3,-11.34803666
NSFTV_75,3,-10.11580222
NSFTV_76,3,-8.177425097
NSFTV_77,3,-9.641318558
NSFTV_78,3,-7.794343862
NSFTV_79,3,-10.07914537
NSFTV_80,3,-9.141186448
NSFTV_81,3,-14.29245272
NSFTV_83,3,-7.84003813
NSFTV_84,3,-8.035214385
NSFTV_85,3,-12.80771748
NSFTV_86,3,-0.260982305
NSFTV_87,3,-7.523685069
NSFTV_88,3,-10.43501383
NSFTV_89,3,-9.452433012
NSFTV_92,3,-4.469000751
NSFTV_93,3,-9.077824971
NSFTV_94,3,-4.94417533
NSFTV_96,3,-7.407430051
NSFTV_97,3,-11.72356239
NSFTV_98,3,-9.877676549
NSFTV_99,3,4.931732242
NSFTV_101,3,-7.433912905
NSFTV_102,3,-13.04846206
NSFTV_103,3,-4.507701788
NSFTV_105,3,-9.758295911
NSFTV_106,3,-12.45491193
NSFTV_107,3,-13.52617719
NSFTV_108,3,-3.696409074
NSFTV_109,3,-12.32031932
NSFTV_113,3,-9.633537348
NSFTV_114,3,-7.264613985
NSFTV_116,3,-14.64162026
NSFTV_117,3,-21.83620868
NSFTV_118,3,-12.56464609
NSFTV_120,3,-3.536929145
NSFTV_121,3,-8.469738091
NSFTV_122,3,-16.71258835
NSFTV_123,3,-12.95156473
NSFTV_124,3,-15.58777495
NSFTV_125,3,-16.82300701
NSFTV_128,3,-9.068953516
NSFTV_129,3,-12.35526137
NSFTV_130,3,-19.64035525
NSFTV_131,3,-3.833763779
NSFTV_132,3,-13.33569553
NSFTV_134,3,-13.57172598
NSFTV_139,3,-5.418932936
NSFTV_140,3,-8.578467866
NSFTV_141,3,-15.27334886
NSFTV_142,3,-13.98385685
NSFTV_143,3,-2.078635082
NSFTV_144,3,-4.925134366
NSFTV_145,3,-2.737615408
NSFTV_146,3,-3.838497858
NSFTV_147,3,9.696351146
NSFTV_148,3,-14.87125468
NSFTV_149,3,-12.11751063
NSFTV_150,3,-5.345742732
NSFTV_151,3,-8.956472017
NSFTV_152,3,-12.16532288
NSFTV_153,3,-12.82601691
NSFTV_154,3,-1.783425864
NSFTV_155,3,-4.774007763
NSFTV_156,3,-7.742187188
NSFTV_157,3,-2.21822272
NSFTV_158,3,-6.423304854
NSFTV_160,3,-22.13917752
NSFTV_161,3,-6.079667953
NSFTV_162,3,-4.831692823
NSFTV_163,3,-11.16661187
NSFTV_164,3,-8.635900445
NSFTV_165,3,-8.237397626
NSFTV_166,3,-19.92470168
NSFTV_168,3,-12.47644551
NSFTV_171,3,-8.735202388
NSFTV_173,3,-1.783788633
NSFTV_174,3,-4.296732642
NSFTV_176,3,-10.60422211
NSFTV_177,3,-1.654852544
NSFTV_179,3,0.694935817
NSFTV_180,3,4.399306795
NSFTV_182,3,-13.2866918
NSFTV_183,3,-7.609489333
NSFTV_184,3,1.694364753
NSFTV_185,3,-11.80973687
NSFTV_186,3,-5.052469208
NSFTV_187,3,-1.225495149
NSFTV_188,3,-7.923727731
NSFTV_189,3,-10.06582078
NSFTV_190,3,-1.478774382
NSFTV_191,3,-6.347743733
NSFTV_192,3,-9.43872585
NSFTV_193,3,-13.91905673
NSFTV_195,3,-10.45974632
NSFTV_198,3,-4.769972275
NSFTV_199,3,-12.41022823
NSFTV_200,3,-0.820235702
NSFTV_202,3,-18.83965672
NSFTV_203,3,-22.26321072
NSFTV_205,3,1.642108724
NSFTV_206,3,-18.94873111
NSFTV_207,3,-8.940272169
NSFTV_208,3,-10.35222604
NSFTV_209,3,-12.76958441
NSFTV_211,3,1.928668368
NSFTV_213,3,-5.956487916
NSFTV_214,3,-7.821569147
NSFTV_215,3,-20.17730197
NSFTV_217,3,-4.28987145
NSFTV_218,3,1.506460452
NSFTV_219,3,-5.65391207
NSFTV_220,3,2.946888835
NSFTV_221,3,-12.22164561
NSFTV_222,3,-16.73009541
NSFTV_223,3,-12.25984141
NSFTV_224,3,-7.860430548
NSFTV_225,3,-2.104134506
NSFTV_226,3,-1.979611373
NSFTV_228,3,-10.34786254
NSFTV_233,3,-9.145294275
NSFTV_234,3,-12.43807668
NSFTV_235,3,-8.873383339
NSFTV_236,3,-5.975874683
NSFTV_237,3,-10.42933923
NSFTV_240,3,-18.06492988
NSFTV_241,3,-4.887133366
NSFTV_242,3,-5.0455113
NSFTV_243,3,-9.630150956
NSFTV_248,3,-4.886317256
NSFTV_250,3,-10.64760464
NSFTV_251,3,-12.42498298
NSFTV_252,3,-17.27676181
NSFTV_254,3,-17.41764853
NSFTV_255,3,-7.129340635
NSFTV_257,3,-2.003337878
NSFTV_259,3,-17.03162849
NSFTV_261,3,-11.82420167
NSFTV_262,3,-9.29951458
NSFTV_264,3,-13.78872796
NSFTV_266,3,-5.996133731
NSFTV_267,3,-13.76129327
NSFTV_268,3,-11.8535326
NSFTV_269,3,-0.489423099
NSFTV_270,3,-7.25530873
NSFTV_271,3,-6.806940446
NSFTV_272,3,-14.01296954
NSFTV_273,3,-16.05648168
NSFTV_274,3,-3.13588088
NSFTV_275,3,-5.004732835
NSFTV_277,3,-13.65663278
NSFTV_278,3,-15.74607337
NSFTV_279,3,-13.88070959
NSFTV_280,3,0.313530681
NSFTV_282,3,-7.087567516
NSFTV_283,3,-0.340599835
NSFTV_285,3,-8.353091221
NSFTV_286,3,-3.304403049
NSFTV_287,3,-7.21841699
NSFTV_288,3,-10.98387158
NSFTV_289,3,-10.42044626
NSFTV_290,3,-1.817101209
NSFTV_291,3,-11.21952507
NSFTV_293,3,-10.28630427
NSFTV_296,3,-7.486894912
NSFTV_297,3,-12.84421413
NSFTV_298,3,-18.37634649
NSFTV_299,3,-13.23761054
NSFTV_300,3,-5.023289512
NSFTV_301,3,-4.863178082
NSFTV_302,3,-8.305699567
NSFTV_303,3,-7.029309363
NSFTV_304,3,-9.162350922
NSFTV_305,3,-5.005967413
NSFTV_306,3,-7.024474523
NSFTV_310,3,-1.469283384
NSFTV_311,3,-9.094453837
NSFTV_312,3,-16.90917383
NSFTV_313,3,-7.17707166
NSFTV_314,3,-5.022383778
NSFTV_315,3,-4.857339156
NSFTV_316,3,-9.269460266
NSFTV_317,3,-7.611336102
NSFTV_318,3,-8.617112354
NSFTV_320,3,-8.613958841
NSFTV_323,3,-8.80759836
NSFTV_324,3,-14.08046414
NSFTV_325,3,-12.61933804
NSFTV_328,3,-7.413204452
NSFTV_329,3,-11.73416944
NSFTV_330,3,-10.70168152
NSFTV_331,3,-14.52819084
NSFTV_332,3,-13.53923005
NSFTV_333,3,-7.730467247
NSFTV_334,3,-14.1991521
NSFTV_336,3,-4.019797732
NSFTV_337,3,-14.13924397
NSFTV_340,3,-7.61710198
NSFTV_341,3,-22.64689708
NSFTV_343,3,-14.70564516
NSFTV_345,3,-11.7507306
NSFTV_346,3,-21.0173405
NSFTV_347,3,-14.74406273
NSFTV_348,3,-11.5807552
NSFTV_349,3,-10.32420046
NSFTV_353,3,-13.11168648
NSFTV_355,3,-4.549335222
NSFTV_356,3,-15.37138471
NSFTV_357,3,3.371595211
NSFTV_358,3,-6.566749588
NSFTV_359,3,-16.54910675
NSFTV_360,3,-17.18562521
NSFTV_363,3,-2.49898584
NSFTV_364,3,-12.01484033
NSFTV_366,3,-2.194344153
NSFTV_368,3,-6.306299605
NSFTV_369,3,-4.218867954
NSFTV_370,3,-12.83861652
NSFTV_371,3,-6.879267604
NSFTV_372,3,-9.336902454
NSFTV_375,3,0.714369788
NSFTV_376,3,-7.349013866
NSFTV_377,3,-8.415904499
NSFTV_378,3,-9.345914002
NSFTV_379,3,-6.176349399
NSFTV_380,3,-2.342803345
NSFTV_381,3,-10.56988343
NSFTV_384,3,-3.013756591
NSFTV_385,3,-12.65216776
NSFTV_386,3,-19.08782985
NSFTV_387,3,-1.573247499
NSFTV_389,3,-5.53539588
NSFTV_391,3,-11.69929848
NSFTV_392,3,-4.810161642
NSFTV_394,3,-10.76943583
NSFTV_395,3,-15.82108631
NSFTV_396,3,2.655994365
NSFTV_616,3,-14.29717882
NSFTV_619,3,-7.975619415
NSFTV_621,3,-6.24928532
NSFTV_622,3,-18.37817619
NSFTV_641,3,-13.5460704
NSFTV_642,3,-15.97268795
NSFTV_643,3,-17.71922702
NSFTV_647,3,-6.313674759
NSFTV_651,3,-6.681476463
NSFTV_19,3,-10.48470657
NSFTV_30,3,-10.61123787
NSFTV_36,3,-13.62417477
NSFTV_52,3,-6.967203869
NSFTV_54,3,-9.951785734
NSFTV_62,3,-6.939082404
NSFTV_64,3,-5.884745697
NSFTV_104,3,-12.64822567
NSFTV_159,3,-15.24931524
NSFTV_169,3,-7.902958213
NSFTV_172,3,-20.32917001
NSFTV_229,3,-8.751657684
NSFTV_245,3,-3.759158602
NSFTV_247,3,-10.27705778
NSFTV_263,3,-5.885563226
NSFTV_265,3,-15.12945967
NSFTV_281,3,-9.944174845
NSFTV_284,3,-14.35047734
NSFTV_292,3,0.776929476
NSFTV_295,3,-9.027605844
NSFTV_390,3,-11.90592808
NSFTV_620,3,-22.14733195
NSFTV_623,3,-10.96225282
NSFTV_624,3,3.576901359
NSFTV_625,3,-7.961179094
NSFTV_626,3,-17.47948468
NSFTV_627,3,-3.250716693
NSFTV_633,3,-16.04802831
NSFTV_634,3,-8.834096374
NSFTV_244,3,-2.11676284
NSFTV_135,3,-5.371721792
NSFTV_326,3,-3.329323414
NSFTV_37,3,-5.522710776
NSFTV_629,3,-7.250540371
NSFTV_342,3,-11.70927159
NSFTV_90,3,-17.93889058
NSFTV_327,3,-9.402310965
NSFTV_322,3,-10.10071541
NSFTV_112,3,-16.27330101
NSFTV_352,3,-6.051677814
NSFTV_231,3,-12.52795773
NSFTV_227,3,-17.13836591
NSFTV_167,3,-5.664916187
NSFTV_253,3,-9.20039501
NSFTV_246,3,-16.97980411
NSFTV_239,3,-16.03300863
NSFTV_397,3,-3.403635855
NSFTV_618,3,-11.87993979
NSFTV_373,3,-7.704661501
NSFTV_260,3,-3.648803017
NSFTV_338,3,-4.89334017
NSFTV_388,3,-5.528105467
NSFTV_365,3,-23.90691712
NSFTV_307,3,-10.70395003
NSFTV_21,3,-13.75484497
NSFTV_256,3,-11.06914172
NSFTV_339,3,-22.73536027
NSFTV_133,3,-8.730378059
NSFTV_216,3,-6.807396197
NSFTV_1,4,-7.640174437
NSFTV_3,4,-16.59987911
NSFTV_4,4,-1.579496151
NSFTV_5,4,-4.329278943
NSFTV_6,4,-0.574052828
NSFTV_7,4,-2.350502381
NSFTV_8,4,-7.293190414
NSFTV_9,4,-8.671319741
NSFTV_10,4,-6.107319922
NSFTV_11,4,-1.558414628
NSFTV_13,4,-9.791997075
NSFTV_14,4,-6.909461541
NSFTV_15,4,-8.784709956
NSFTV_16,4,-5.407449494
NSFTV_17,4,-4.939918782
NSFTV_18,4,-9.076770317
NSFTV_23,4,-1.46806715
NSFTV_24,4,4.773851284
NSFTV_25,4,-16.76380498
NSFTV_26,4,-1.049358017
NSFTV_27,4,-8.152365596
NSFTV_29,4,-8.256093055
NSFTV_31,4,0.331447389
NSFTV_32,4,-13.10386031
NSFTV_33,4,-14.79401353
NSFTV_39,4,-15.24390093
NSFTV_40,4,-5.904620588
NSFTV_41,4,-12.8939944
NSFTV_43,4,-18.8342309
NSFTV_44,4,-15.91304097
NSFTV_45,4,-0.394235584
NSFTV_46,4,-19.91113596
NSFTV_49,4,-16.12633723
NSFTV_50,4,-5.74990662
NSFTV_51,4,-0.632053721
NSFTV_53,4,-9.31221835
NSFTV_55,4,-10.92273909
NSFTV_56,4,-2.083099581
NSFTV_57,4,-8.429732937
NSFTV_58,4,-16.43412178
NSFTV_59,4,6.184725525
NSFTV_60,4,-5.241905059
NSFTV_61,4,-20.04515137
NSFTV_63,4,-0.78245679
NSFTV_65,4,-1.856332715
NSFTV_66,4,-4.148102974
NSFTV_67,4,-5.899172646
NSFTV_68,4,-11.32618752
NSFTV_70,4,-8.73388831
NSFTV_71,4,-12.08326242
NSFTV_72,4,-2.155568507
NSFTV_73,4,-5.69863602
NSFTV_74,4,-10.14141275
NSFTV_75,4,-0.345397168
NSFTV_76,4,-6.487892955
NSFTV_77,4,-11.06326513
NSFTV_78,4,-14.73022305
NSFTV_79,4,-0.42228372
NSFTV_80,4,-6.346734924
NSFTV_81,4,-12.59946594
NSFTV_83,4,-2.439697694
NSFTV_84,4,-7.074343269
NSFTV_85,4,-14.85479369
NSFTV_86,4,-8.423814129
NSFTV_87,4,-5.208159993
NSFTV_88,4,-7.206716755
NSFTV_89,4,-2.777441273
NSFTV_92,4,-8.236133805
NSFTV_93,4,-15.43998665
NSFTV_94,4,-5.239195446
NSFTV_96,4,-1.473806286
NSFTV_97,4,-24.96805078
NSFTV_98,4,-9.893247368
NSFTV_99,4,-6.797348399
NSFTV_101,4,-5.21904392
NSFTV_102,4,-7.763555065
NSFTV_103,4,-5.905057429
NSFTV_105,4,-8.431327733
NSFTV_106,4,-23.54753157
NSFTV_107,4,-9.964465646
NSFTV_108,4,-1.844283142
NSFTV_109,4,-2.274252517
NSFTV_113,4,0.002644246
NSFTV_114,4,-15.74224221
NSFTV_116,4,-7.648342594
NSFTV_117,4,-16.76436742
NSFTV_118,4,-5.92884307
NSFTV_120,4,-2.716341884
NSFTV_121,4,-14.95400236
NSFTV_122,4,-13.96321545
NSFTV_123,4,-18.87044603
NSFTV_124,4,-14.94373783
NSFTV_125,4,-22.40596641
NSFTV_128,4,-11.69077787
NSFTV_129,4,-14.67011609
NSFTV_130,4,-12.30614832
NSFTV_131,4,-4.874514741
NSFTV_132,4,-13.87522573
NSFTV_134,4,-0.320205341
NSFTV_139,4,-1.624777285
NSFTV_140,4,-13.28851478
NSFTV_141,4,-4.528953174
NSFTV_142,4,-16.83508488
NSFTV_143,4,3.826474661
NSFTV_144,4,0.200001938
NSFTV_145,4,-8.533803824
NSFTV_146,4,-3.410566804
NSFTV_147,4,0.754993791
NSFTV_148,4,-16.0784632
NSFTV_149,4,-13.70607378
NSFTV_150,4,-3.93963101
NSFTV_151,4,4.133457322
NSFTV_152,4,2.094913266
NSFTV_153,4,-10.19444835
NSFTV_154,4,-5.983944671
NSFTV_155,4,-5.271750098
NSFTV_156,4,-5.307725235
NSFTV_157,4,0.330296039
NSFTV_158,4,-3.80469446
NSFTV_160,4,-7.243615122
NSFTV_161,4,-8.173266064
NSFTV_162,4,-11.286158
NSFTV_163,4,-5.780103447
NSFTV_164,4,13.13260114
NSFTV_165,4,-6.435824877
NSFTV_166,4,-18.07215166
NSFTV_168,4,-9.120803624
NSFTV_171,4,-12.52928294
NSFTV_173,4,-2.577879289
NSFTV_174,4,-3.533575521
NSFTV_176,4,-1.035664985
NSFTV_177,4,-9.000246766
NSFTV_179,4,-9.868919005
NSFTV_180,4,1.63554587
NSFTV_182,4,-9.822619752
NSFTV_183,4,-12.80190579
NSFTV_184,4,-7.581017092
NSFTV_185,4,-13.5875193
NSFTV_186,4,-4.65794673
NSFTV_187,4,-3.938254572
NSFTV_188,4,-1.940997775
NSFTV_189,4,-8.678228618
NSFTV_190,4,-4.438998057
NSFTV_191,4,-7.896811265
NSFTV_192,4,-8.544468759
NSFTV_193,4,-4.790971401
NSFTV_195,4,-1.512442824
NSFTV_198,4,-9.507024623
NSFTV_199,4,3.269168272
NSFTV_200,4,-10.17727761
NSFTV_202,4,-9.005157779
NSFTV_203,4,-17.05259696
NSFTV_205,4,-9.946756194
NSFTV_206,4,-7.023114978
NSFTV_207,4,-14.45619115
NSFTV_208,4,-3.151867874
NSFTV_209,4,-17.33583194
NSFTV_211,4,-8.22861658
NSFTV_213,4,-5.02374268
NSFTV_214,4,-6.818162131
NSFTV_215,4,-10.30637856
NSFTV_217,4,-0.912937028
NSFTV_218,4,-2.215727612
NSFTV_219,4,-9.348845812
NSFTV_220,4,-3.993988194
NSFTV_221,4,-17.29843471
NSFTV_222,4,-15.11935839
NSFTV_223,4,-12.10783404
NSFTV_224,4,-5.856555393
NSFTV_225,4,-13.56672013
NSFTV_226,4,-4.30089032
NSFTV_228,4,-11.89922165
NSFTV_233,4,-1.964309094
NSFTV_234,4,-5.276283048
NSFTV_235,4,-5.732209283
NSFTV_236,4,-13.06822686
NSFTV_237,4,-11.65882818
NSFTV_240,4,-15.5113542
NSFTV_241,4,-10.41514622
NSFTV_242,4,-16.08650221
NSFTV_243,4,-6.74357902
NSFTV_248,4,-2.910146913
NSFTV_250,4,-4.225300523
NSFTV_251,4,-15.35096561
NSFTV_252,4,-11.95763143
NSFTV_254,4,-19.16692915
NSFTV_255,4,-14.27208758
NSFTV_257,4,-5.482642782
NSFTV_259,4,-16.18003088
NSFTV_261,4,-15.5514301
NSFTV_262,4,-13.91742425
NSFTV_264,4,-12.79005286
NSFTV_266,4,-12.84807219
NSFTV_267,4,1.640098026
NSFTV_268,4,-9.206881492
NSFTV_269,4,-8.63123778
NSFTV_270,4,-10.71028126
NSFTV_271,4,-6.33455644
NSFTV_272,4,-8.516355727
NSFTV_273,4,-8.347117737
NSFTV_274,4,-5.611930315
NSFTV_275,4,-0.312248503
NSFTV_277,4,-8.003960323
NSFTV_278,4,-5.136228047
NSFTV_279,4,-8.073421665
NSFTV_280,4,-3.130888015
NSFTV_282,4,-5.852120007
NSFTV_283,4,0.554275747
NSFTV_285,4,-11.73671219
NSFTV_286,4,-8.614815103
NSFTV_287,4,-13.50216898
NSFTV_288,4,-8.513268644
NSFTV_289,4,-9.162810695
NSFTV_290,4,-2.371226758
NSFTV_291,4,-5.749213904
NSFTV_293,4,-14.38797308
NSFTV_296,4,-8.807024122
NSFTV_297,4,-4.668500265
NSFTV_298,4,-15.06590095
NSFTV_299,4,-16.38455767
NSFTV_300,4,-10.35418049
NSFTV_301,4,-5.938591991
NSFTV_302,4,-3.459859714
NSFTV_303,4,-10.91452338
NSFTV_304,4,-15.49427524
NSFTV_305,4,-9.169758568
NSFTV_306,4,-5.555669047
NSFTV_310,4,-1.548534832
NSFTV_311,4,-1.69418942
NSFTV_312,4,-5.066472236
NSFTV_313,4,-13.62904215
NSFTV_314,4,-8.706804728
NSFTV_315,4,-9.92006536
NSFTV_316,4,-10.85033956
NSFTV_317,4,-11.92435556
NSFTV_318,4,-6.486199315
NSFTV_320,4,-13.43962837
NSFTV_323,4,-16.05112673
NSFTV_324,4,-11.42339685
NSFTV_325,4,-17.80782727
NSFTV_328,4,-9.112276423
NSFTV_329,4,-11.55331016
NSFTV_330,4,-12.21161167
NSFTV_331,4,-12.07520272
NSFTV_332,4,-20.65677808
NSFTV_333,4,-5.548647477
NSFTV_334,4,0.434459616
NSFTV_336,4,-3.221657772
NSFTV_337,4,-13.12652369
NSFTV_340,4,0.22399484
NSFTV_341,4,-14.63853313
NSFTV_343,4,1.24762718
NSFTV_345,4,-0.763510155
NSFTV_346,4,-6.983749092
NSFTV_347,4,-11.90544973
NSFTV_348,4,-15.50605417
NSFTV_349,4,-12.63614787
NSFTV_353,4,-11.05090477
NSFTV_355,4,-2.625441499
NSFTV_356,4,-17.92546474
NSFTV_357,4,1.160736807
NSFTV_358,4,6.999492618
NSFTV_359,4,-4.680398837
NSFTV_360,4,-5.133643032
NSFTV_363,4,-4.410292315
NSFTV_364,4,-2.030134379
NSFTV_366,4,-5.594772363
NSFTV_368,4,0.261869002
NSFTV_369,4,2.28389407
NSFTV_370,4,-11.961148
NSFTV_371,4,-19.28948696
NSFTV_372,4,-6.83979187
NSFTV_375,4,-2.029647775
NSFTV_376,4,-10.94579284
NSFTV_377,4,-16.53094234
NSFTV_378,4,-4.891012537
NSFTV_379,4,-25.50556903
NSFTV_380,4,-4.169258884
NSFTV_381,4,-10.37191946
NSFTV_384,4,-5.125337539
NSFTV_385,4,-11.17008793
NSFTV_386,4,-9.814960098
NSFTV_387,4,-7.570431129
NSFTV_389,4,-9.42852167
NSFTV_391,4,-10.48493171
NSFTV_392,4,-4.723395888
NSFTV_394,4,-5.936727673
NSFTV_395,4,-8.393015281
NSFTV_396,4,2.814999717
NSFTV_616,4,-13.33049494
NSFTV_619,4,-6.557265364
NSFTV_621,4,-5.831311936
NSFTV_622,4,-17.63818546
NSFTV_641,4,-12.23726394
NSFTV_642,4,-7.113270486
NSFTV_643,4,-23.4638941
NSFTV_647,4,-2.496804022
NSFTV_651,4,-9.539844325
NSFTV_19,4,-15.17667903
NSFTV_30,4,-18.66007665
NSFTV_36,4,-12.60107875
NSFTV_52,4,-17.78656227
NSFTV_54,4,-10.23593819
NSFTV_62,4,-0.699157648
NSFTV_64,4,-7.704745136
NSFTV_104,4,1.778837324
NSFTV_159,4,-15.01684172
NSFTV_169,4,-9.662970481
NSFTV_172,4,-17.71866194
NSFTV_229,4,-8.289915469
NSFTV_245,4,-10.7352805
NSFTV_247,4,-4.543039522
NSFTV_263,4,-4.449462645
NSFTV_265,4,-1.299619335
NSFTV_281,4,-4.665882362
NSFTV_284,4,-7.960379292
NSFTV_292,4,-4.973749537
NSFTV_295,4,-8.191036357
NSFTV_390,4,-5.631073666
NSFTV_620,4,-14.4288568
NSFTV_623,4,-12.98552736
NSFTV_624,4,-2.298675771
NSFTV_625,4,2.176579493
NSFTV_626,4,-9.349099705
NSFTV_627,4,-8.385642604
NSFTV_633,4,-14.10969361
NSFTV_634,4,-4.333423504
NSFTV_244,4,-8.338339324
NSFTV_135,4,-2.760088944
NSFTV_326,4,-3.663218723
NSFTV_37,4,-12.57431116
NSFTV_629,4,-1.201870417
NSFTV_342,4,-11.53262534
NSFTV_90,4,-13.73772069
NSFTV_327,4,-11.93692101
NSFTV_322,4,-2.708053737
NSFTV_112,4,-2.234457963
NSFTV_352,4,-5.62616956
NSFTV_231,4,-12.34924972
NSFTV_227,4,-19.03550425
NSFTV_167,4,-5.338284675
NSFTV_253,4,-8.951741139
NSFTV_246,4,-15.42642483
NSFTV_239,4,-15.49525351
NSFTV_397,4,-3.970420335
NSFTV_618,4,-10.06364421
NSFTV_373,4,-0.223462217
NSFTV_260,4,-7.597171832
NSFTV_338,4,2.651031685
NSFTV_388,4,-12.05394403
NSFTV_365,4,-8.739457244
NSFTV_307,4,3.746406549
NSFTV_21,4,-21.46829361
NSFTV_256,4,-12.57458577
NSFTV_339,4,-18.89335713
NSFTV_133,4,-6.088899841
NSFTV_216,4,-6.011381274
NSFTV_1,5,-7.290388116
NSFTV_3,5,-10.11136626
NSFTV_4,5,-6.483647717
NSFTV_5,5,-3.56438079
NSFTV_6,5,-17.14113237
NSFTV_7,5,4.523489164
NSFTV_8,5,-5.224607029
NSFTV_9,5,-6.213993339
NSFTV_10,5,-6.289041095
NSFTV_11,5,-3.234673519
NSFTV_13,5,-8.341297529
NSFTV_14,5,-0.693857214
NSFTV_15,5,-3.669567684
NSFTV_16,5,-9.059558709
NSFTV_17,5,-14.57374696
NSFTV_18,5,-15.60223142
NSFTV_23,5,-8.710426092
NSFTV_24,5,-3.404587429
NSFTV_25,5,-12.58492257
NSFTV_26,5,-7.321205186
NSFTV_27,5,-2.989943204
NSFTV_29,5,-0.433178503
NSFTV_31,5,-6.045466994
NSFTV_32,5,-5.137584273
NSFTV_33,5,-6.604131359
NSFTV_39,5,-13.24318461
NSFTV_40,5,-0.194857954
NSFTV_41,5,-3.329875358
NSFTV_43,5,-8.422935796
NSFTV_44,5,-7.671486922
NSFTV_45,5,-12.3255454
NSFTV_46,5,-13.5572924
NSFTV_49,5,-4.735558191
NSFTV_50,5,-8.673866184
NSFTV_51,5,-5.004120776
NSFTV_53,5,-5.362080267
NSFTV_55,5,-13.21015826
NSFTV_56,5,-12.99603421
NSFTV_57,5,-5.189850442
NSFTV_58,5,-6.763535234
NSFTV_59,5,5.931405491
NSFTV_60,5,-6.899268356
NSFTV_61,5,-17.75076967
NSFTV_63,5,-15.0390953
NSFTV_65,5,-3.698034688
NSFTV_66,5,-6.362860235
NSFTV_67,5,-8.347866003
NSFTV_68,5,-16.25998955
NSFTV_70,5,-4.184602975
NSFTV_71,5,-6.802116934
NSFTV_72,5,-9.511115422
NSFTV_73,5,-4.09126535
NSFTV_74,5,-14.37781451
NSFTV_75,5,2.755384932
NSFTV_76,5,-15.13537951
NSFTV_77,5,-11.2729691
NSFTV_78,5,-10.91168756
NSFTV_79,5,-6.408206525
NSFTV_80,5,-12.85520437
NSFTV_81,5,-7.732046411
NSFTV_83,5,-3.908561559
NSFTV_84,5,-8.858142873
NSFTV_85,5,-14.2638893
NSFTV_86,5,-7.22186695
NSFTV_87,5,-8.042088443
NSFTV_88,5,-1.44505507
NSFTV_89,5,-10.38401791
NSFTV_92,5,-11.30057505
NSFTV_93,5,-1.26740291
NSFTV_94,5,-10.42712087
NSFTV_96,5,-22.06777552
NSFTV_97,5,-18.46290682
NSFTV_98,5,-4.185599846
NSFTV_99,5,-0.309176238
NSFTV_101,5,-7.254202165
NSFTV_102,5,-11.54225484
NSFTV_103,5,-5.822709484
NSFTV_105,5,-2.240985834
NSFTV_106,5,-16.66048158
NSFTV_107,5,-6.80699333
NSFTV_108,5,-4.556665852
NSFTV_109,5,-9.590015188
NSFTV_113,5,-2.148693087
NSFTV_114,5,-21.41049763
NSFTV_116,5,-3.029552965
NSFTV_117,5,-24.6889543
NSFTV_118,5,-4.166900228
NSFTV_120,5,2.137515068
NSFTV_121,5,-11.16705968
NSFTV_122,5,-15.73286073
NSFTV_123,5,-14.6158419
NSFTV_124,5,-4.159263201
NSFTV_125,5,-18.73887487
NSFTV_128,5,-9.194607678
NSFTV_129,5,-16.22673539
NSFTV_130,5,-16.47340619
NSFTV_131,5,-1.817058215
NSFTV_132,5,-15.8380532
NSFTV_134,5,-1.659265009
NSFTV_139,5,-6.964696615
NSFTV_140,5,-24.81989457
NSFTV_141,5,-10.8931934
NSFTV_142,5,-13.31203435
NSFTV_143,5,-12.15307034
NSFTV_144,5,3.780440412
NSFTV_145,5,-13.43668954
NSFTV_146,5,-10.83108404
NSFTV_147,5,2.965380173
NSFTV_148,5,-10.53648247
NSFTV_149,5,-7.62435462
NSFTV_150,5,-6.053888119
NSFTV_151,5,-9.336758795
NSFTV_152,5,-1.451472666
NSFTV_153,5,-8.472846691
NSFTV_154,5,-4.921261239
NSFTV_155,5,-2.705711854
NSFTV_156,5,-4.888503788
NSFTV_157,5,-8.785575594
NSFTV_158,5,-3.319030184
NSFTV_160,5,-15.99958744
NSFTV_161,5,2.69302662
NSFTV_162,5,-10.87941076
NSFTV_163,5,-10.27763088
NSFTV_164,5,-3.497359854
NSFTV_165,5,-6.654698277
NSFTV_166,5,-19.1630081
NSFTV_168,5,-9.425458487
NSFTV_171,5,-7.606803365
NSFTV_173,5,-7.233019818
NSFTV_174,5,-8.072319571
NSFTV_176,5,-13.33174607
NSFTV_177,5,-2.451119764
NSFTV_179,5,-3.20722517
NSFTV_180,5,-5.734538186
NSFTV_182,5,-12.6512801
NSFTV_183,5,-7.148429155
NSFTV_184,5,-8.582812344
NSFTV_185,5,-17.40393128
NSFTV_186,5,-13.10617169
NSFTV_187,5,-2.831226765
NSFTV_188,5,-4.490267406
NSFTV_189,5,-5.626355888
NSFTV_190,5,-7.36632278
NSFTV_191,5,-1.6276001
NSFTV_192,5,-11.93020143
NSFTV_193,5,-5.751151959
NSFTV_195,5,-8.729445529
NSFTV_198,5,-2.390175015
NSFTV_199,5,-8.149200266
NSFTV_200,5,-2.292362754
NSFTV_202,5,-6.540101169
NSFTV_203,5,-12.12088095
NSFTV_205,5,-4.418982703
NSFTV_206,5,-2.366977487
NSFTV_207,5,-9.440182997
NSFTV_208,5,-2.82760577
NSFTV_209,5,-12.26875941
NSFTV_211,5,1.586261103
NSFTV_213,5,-9.830183889
NSFTV_214,5,-6.234940486
NSFTV_215,5,-1.82865802
NSFTV_217,5,0.845432197
NSFTV_218,5,-4.456037998
NSFTV_219,5,-11.49439556
NSFTV_220,5,-7.503957654
NSFTV_221,5,-3.379909078
NSFTV_222,5,-18.7112609
NSFTV_223,5,-14.33285385
NSFTV_224,5,-14.38585366
NSFTV_225,5,-12.7431721
NSFTV_226,5,3.010342134
NSFTV_228,5,-11.8114887
NSFTV_233,5,1.476152967
NSFTV_234,5,-11.37433241
NSFTV_235,5,-19.45565112
NSFTV_236,5,1.285340881
NSFTV_237,5,-12.77479759
NSFTV_240,5,-17.15105392
NSFTV_241,5,-4.462829975
NSFTV_242,5,-9.716288754
NSFTV_243,5,-16.39898718
NSFTV_248,5,-9.183007701
NSFTV_250,5,-0.80710938
NSFTV_251,5,-12.8969718
NSFTV_252,5,-6.52868033
NSFTV_254,5,-6.806123364
NSFTV_255,5,-12.93671704
NSFTV_257,5,-9.186633216
NSFTV_259,5,-20.52016343
NSFTV_261,5,-2.035237894
NSFTV_262,5,-10.43218437
NSFTV_264,5,-8.30760045
NSFTV_266,5,-14.76546216
NSFTV_267,5,-2.22395436
NSFTV_268,5,0.490689988
NSFTV_269,5,-2.246581087
NSFTV_270,5,-6.297360333
NSFTV_271,5,-12.53090133
NSFTV_272,5,-0.25583824
NSFTV_273,5,-5.955399299
NSFTV_274,5,-4.404283006
NSFTV_275,5,1.411137845
NSFTV_277,5,-5.436359501
NSFTV_278,5,-10.97395184
NSFTV_279,5,-14.09171982
NSFTV_280,5,-3.332217183
NSFTV_282,5,-2.429095059
NSFTV_283,5,-5.255639348
NSFTV_285,5,2.785647999
NSFTV_286,5,-15.70466347
NSFTV_287,5,-8.310478495
NSFTV_288,5,-0.554014544
NSFTV_289,5,0.385984692
NSFTV_290,5,-0.50525023
NSFTV_291,5,-4.722022025
NSFTV_293,5,-7.644387801
NSFTV_296,5,-2.465081324
NSFTV_297,5,-11.01615633
NSFTV_298,5,-16.77654623
NSFTV_299,5,-4.871083759
NSFTV_300,5,-9.852591268
NSFTV_301,5,-7.128718596
NSFTV_302,5,-5.538358375
NSFTV_303,5,-10.37528529
NSFTV_304,5,-24.1133417
NSFTV_305,5,-6.405980439
NSFTV_306,5,-6.233311612
NSFTV_310,5,3.881802353
NSFTV_311,5,-9.959792663
NSFTV_312,5,-12.88024102
NSFTV_313,5,-23.78950704
NSFTV_314,5,-2.11073796
NSFTV_315,5,-5.380370027
NSFTV_316,5,-3.629995659
NSFTV_317,5,-8.864853959
NSFTV_318,5,-5.929770529
NSFTV_320,5,-1.623867415
NSFTV_323,5,-8.649905731
NSFTV_324,5,-3.830190216
NSFTV_325,5,-19.2651089
NSFTV_328,5,-15.16385177
NSFTV_329,5,-6.967586215
NSFTV_330,5,-24.71470002
NSFTV_331,5,-10.47539898
NSFTV_332,5,-21.93034952
NSFTV_333,5,-1.954130936
NSFTV_334,5,-2.630084345
NSFTV_336,5,-10.07518086
NSFTV_337,5,-18.80495503
NSFTV_340,5,-2.658628567
NSFTV_341,5,-19.60154419
NSFTV_343,5,-9.200339704
NSFTV_345,5,-13.33215476
NSFTV_346,5,-18.30966952
NSFTV_347,5,-12.85290245
NSFTV_348,5,-10.06734433
NSFTV_349,5,-19.57100582
NSFTV_353,5,-5.798727986
NSFTV_355,5,-6.34658997
NSFTV_356,5,-13.46410169
NSFTV_357,5,-0.970342906
NSFTV_358,5,-3.469811013
NSFTV_359,5,-15.86138836
NSFTV_360,5,-13.81554841
NSFTV_363,5,-14.989113
NSFTV_364,5,-4.921665902
NSFTV_366,5,-6.593995537
NSFTV_368,5,2.802579138
NSFTV_369,5,-8.944605441
NSFTV_370,5,-5.253654272
NSFTV_371,5,0.308893919
NSFTV_372,5,-7.375125595
NSFTV_375,5,-0.304829325
NSFTV_376,5,-2.827487861
NSFTV_377,5,-11.5902704
NSFTV_378,5,-1.030061426
NSFTV_379,5,-14.98161411
NSFTV_380,5,3.564787171
NSFTV_381,5,-14.36270611
NSFTV_384,5,3.789863301
NSFTV_385,5,-12.95366776
NSFTV_386,5,-8.308681238
NSFTV_387,5,-8.805101932
NSFTV_389,5,-10.44879934
NSFTV_391,5,-8.362336716
NSFTV_392,5,-1.342257385
NSFTV_394,5,-11.63348167
NSFTV_395,5,-5.628431894
NSFTV_396,5,-2.878434767
NSFTV_616,5,-10.36142659
NSFTV_619,5,-9.498892227
NSFTV_621,5,-9.733575187
NSFTV_622,5,-13.95121065
NSFTV_641,5,-4.442452311
NSFTV_642,5,-10.7745444
NSFTV_643,5,-15.63013883
NSFTV_647,5,0.920908968
NSFTV_651,5,-5.684608338
NSFTV_19,5,-8.553132276
NSFTV_30,5,-4.966371259
NSFTV_36,5,-7.598447885
NSFTV_52,5,-13.58705311
NSFTV_54,5,-10.16077055
NSFTV_62,5,-7.366258833
NSFTV_64,5,-11.10997081
NSFTV_104,5,0.621794301
NSFTV_159,5,-16.2491523
NSFTV_169,5,-0.670411699
NSFTV_172,5,-5.703670536
NSFTV_229,5,-6.901711686
NSFTV_245,5,-7.176141157
NSFTV_247,5,-7.032872186
NSFTV_263,5,7.673051483
NSFTV_265,5,-8.795956016
NSFTV_281,5,-1.807367166
NSFTV_284,5,-6.557048831
NSFTV_292,5,-1.427713626
NSFTV_295,5,-0.299733785
NSFTV_390,5,-4.229005368
NSFTV_620,5,-13.50558464
NSFTV_623,5,-14.61262794
NSFTV_624,5,1.851148218
NSFTV_625,5,-3.524031818
NSFTV_626,5,-2.340218385
NSFTV_627,5,-5.651545151
NSFTV_633,5,-8.212416959
NSFTV_634,5,-20.19600623
NSFTV_244,5,-8.03946074
NSFTV_135,5,-2.076710186
NSFTV_326,5,-8.501129285
NSFTV_37,5,-10.88200282
NSFTV_629,5,-2.019950637
NSFTV_342,5,-8.238827052
NSFTV_90,5,-16.97216206
NSFTV_327,5,-4.508115283
NSFTV_322,5,-14.07053824
NSFTV_112,5,-7.578544028
NSFTV_352,5,-1.297775162
NSFTV_231,5,-9.576212244
NSFTV_227,5,-11.52893023
NSFTV_167,5,-5.626563043
NSFTV_253,5,-4.428036752
NSFTV_246,5,-16.91658657
NSFTV_239,5,-17.18418744
NSFTV_397,5,-8.396629385
NSFTV_618,5,-10.10860345
NSFTV_373,5,-2.748765988
NSFTV_260,5,-8.926860221
NSFTV_338,5,-9.653687319
NSFTV_388,5,-10.2020917
NSFTV_365,5,-11.75013015
NSFTV_307,5,2.280812906
NSFTV_21,5,-18.76244685
NSFTV_256,5,-11.76953308
NSFTV_339,5,-5.085272346
NSFTV_133,5,-14.3048941
NSFTV_216,5,-4.187135182
NSFTV_1,6,-2.366281655
NSFTV_3,6,-19.76032557
NSFTV_4,6,-1.033492766
NSFTV_5,6,-4.443118823
NSFTV_6,6,-3.223625377
NSFTV_7,6,-4.401206934
NSFTV_8,6,-9.284563391
NSFTV_9,6,-5.17335398
NSFTV_10,6,-8.892432031
NSFTV_11,6,-9.114222928
NSFTV_13,6,-4.853376741
NSFTV_14,6,-4.834093538
NSFTV_15,6,-2.387038695
NSFTV_16,6,-18.70074716
NSFTV_17,6,-9.778070244
NSFTV_18,6,-10.84546132
NSFTV_23,6,2.15085435
NSFTV_24,6,2.162912822
NSFTV_25,6,-13.36681625
NSFTV_26,6,-4.223748185
NSFTV_27,6,-15.97833096
NSFTV_29,6,-6.026673219
NSFTV_31,6,-1.275591956
NSFTV_32,6,-11.12131931
NSFTV_33,6,-11.08604705
NSFTV_39,6,-12.54577725
NSFTV_40,6,-4.582758409
NSFTV_41,6,-8.332159516
NSFTV_43,6,-21.38314579
NSFTV_44,6,-5.732460691
NSFTV_45,6,-15.85931872
NSFTV_46,6,-15.0358076
NSFTV_49,6,-4.677728668
NSFTV_50,6,-10.4565041
NSFTV_51,6,-4.815870774
NSFTV_53,6,-4.212729153
NSFTV_55,6,-9.76430145
NSFTV_56,6,-4.126572372
NSFTV_57,6,-6.331039365
NSFTV_58,6,-7.917808733
NSFTV_59,6,3.530244055
NSFTV_60,6,-13.45367358
NSFTV_61,6,-17.54301469
NSFTV_63,6,-9.047536109
NSFTV_65,6,-9.748965613
NSFTV_66,6,-2.919209337
NSFTV_67,6,-4.481295253
NSFTV_68,6,-9.493960461
NSFTV_70,6,-13.52229837
NSFTV_71,6,-17.75764859
NSFTV_72,6,-6.655772481
NSFTV_73,6,-0.940599505
NSFTV_74,6,3.198704304
NSFTV_75,6,1.95211137
NSFTV_76,6,-1.615149217
NSFTV_77,6,-8.59048133
NSFTV_78,6,-11.52741012
NSFTV_79,6,-13.12437994
NSFTV_80,6,-3.309159585
NSFTV_81,6,-14.15312034
NSFTV_83,6,-6.777603572
NSFTV_84,6,-14.79813603
NSFTV_85,6,-10.47552513
NSFTV_86,6,-1.467926273
NSFTV_87,6,-8.34342565
NSFTV_88,6,-8.024568816
NSFTV_89,6,-4.43689837
NSFTV_92,6,-13.66425018
NSFTV_93,6,-8.769279812
NSFTV_94,6,-12.63476603
NSFTV_96,6,-10.56342737
NSFTV_97,6,-10.88739268
NSFTV_98,6,-2.555723753
NSFTV_99,6,6.681994309
NSFTV_101,6,2.218838079
NSFTV_102,6,-13.78116273
NSFTV_103,6,-3.362864747
NSFTV_105,6,-12.57277279
NSFTV_106,6,-13.96798413
NSFTV_107,6,-12.23707041
NSFTV_108,6,-1.693532508
NSFTV_109,6,-18.70289761
NSFTV_113,6,-0.335770427
NSFTV_114,6,-13.60681982
NSFTV_116,6,1.11408747
NSFTV_117,6,-18.79949371
NSFTV_118,6,-8.188963089
NSFTV_120,6,-0.818789557
NSFTV_121,6,-9.374562343
NSFTV_122,6,-15.13079435
NSFTV_123,6,-17.29853566
NSFTV_124,6,-0.484029358
NSFTV_125,6,-22.94405457
NSFTV_128,6,-7.34299223
NSFTV_129,6,-14.09779948
NSFTV_130,6,-17.81713892
NSFTV_131,6,-5.575451305
NSFTV_132,6,-14.29460593
NSFTV_134,6,-12.50097856
NSFTV_139,6,-11.59534994
NSFTV_140,6,-13.68970407
NSFTV_141,6,-10.95290171
NSFTV_142,6,-3.462533388
NSFTV_143,6,-1.763389999
NSFTV_144,6,2.206847153
NSFTV_145,6,-5.528828862
NSFTV_146,6,-0.674041836
NSFTV_147,6,3.601803692
NSFTV_148,6,-15.84906667
NSFTV_149,6,-2.640724769
NSFTV_150,6,-6.990191341
NSFTV_151,6,-0.164298377
NSFTV_152,6,-7.606607779
NSFTV_153,6,-4.443565856
NSFTV_154,6,-6.475549164
NSFTV_155,6,-9.399512018
NSFTV_156,6,-16.14409477
NSFTV_157,6,1.296849739
NSFTV_158,6,-2.978873153
NSFTV_160,6,-11.97362938
NSFTV_161,6,-2.389117792
NSFTV_162,6,-11.99705088
NSFTV_163,6,-14.99825011
NSFTV_164,6,-9.617593782
NSFTV_165,6,-6.120070701
NSFTV_166,6,-15.1135153
NSFTV_168,6,-12.84158329
NSFTV_171,6,-7.547636506
NSFTV_173,6,-6.221504856
NSFTV_174,6,-0.861961304
NSFTV_176,6,-0.941728573
NSFTV_177,6,-7.359844692
NSFTV_179,6,-8.111097137
NSFTV_180,6,-4.125942336
NSFTV_182,6,-3.89593096
NSFTV_183,6,-14.85153572
NSFTV_184,6,-6.052835177
NSFTV_185,6,-14.1613866
NSFTV_186,6,-5.328527163
NSFTV_187,6,9.127393643
NSFTV_188,6,-10.00000563
NSFTV_189,6,-9.358109231
NSFTV_190,6,-11.87977905
NSFTV_191,6,-11.74141234
NSFTV_192,6,-3.689842225
NSFTV_193,6,-6.405659435
NSFTV_195,6,-6.957093977
NSFTV_198,6,-3.733092898
NSFTV_199,6,-0.517302333
NSFTV_200,6,0.960369428
NSFTV_202,6,-5.897770454
NSFTV_203,6,-7.210724711
NSFTV_205,6,-11.66859258
NSFTV_206,6,-7.929955824
NSFTV_207,6,-6.818237506
NSFTV_208,6,-7.120425652
NSFTV_209,6,-10.8428461
NSFTV_211,6,-1.312202899
NSFTV_213,6,-8.308353536
NSFTV_214,6,-8.609817134
NSFTV_215,6,2.622901649
NSFTV_217,6,-0.349185735
NSFTV_218,6,8.579999719
NSFTV_219,6,-3.652386051
NSFTV_220,6,-1.999088723
NSFTV_221,6,-5.384949042
NSFTV_222,6,-24.28442578
NSFTV_223,6,-13.70918943
NSFTV_224,6,-6.782045832
NSFTV_225,6,-8.362052152
NSFTV_226,6,-2.31256447
NSFTV_228,6,-15.66295703
NSFTV_233,6,-11.12645785
NSFTV_234,6,-6.279170645
NSFTV_235,6,-7.400916203
NSFTV_236,6,-2.016374168
NSFTV_237,6,-9.537817711
NSFTV_240,6,-16.52391283
NSFTV_241,6,-5.549546779
NSFTV_242,6,-13.11911753
NSFTV_243,6,-8.893864807
NSFTV_248,6,-7.416172825
NSFTV_250,6,-4.463963892
NSFTV_251,6,-10.29117766
NSFTV_252,6,-6.24055309
NSFTV_254,6,-8.495978974
NSFTV_255,6,-10.28541089
NSFTV_257,6,-7.784751078
NSFTV_259,6,-11.71242434
NSFTV_261,6,-11.46170093
NSFTV_262,6,0.665115118
NSFTV_264,6,-6.947616594
NSFTV_266,6,-5.17788251
NSFTV_267,6,-3.570368479
NSFTV_268,6,-0.172086153
NSFTV_269,6,-3.339911535
NSFTV_270,6,-15.6981947
NSFTV_271,6,-2.745474289
NSFTV_272,6,-10.54983137
NSFTV_273,6,-6.229684894
NSFTV_274,6,-8.139864915
NSFTV_275,6,-3.748091275
NSFTV_277,6,-13.09872994
NSFTV_278,6,-9.511388171
NSFTV_279,6,-11.52401754
NSFTV_280,6,-11.09151526
NSFTV_282,6,-4.336140721
NSFTV_283,6,-8.03902282
NSFTV_285,6,-11.101948
NSFTV_286,6,-5.471726986
NSFTV_287,6,-10.87231286
NSFTV_288,6,2.171712476
NSFTV_289,6,-13.55908824
NSFTV_290,6,-4.297002159
NSFTV_291,6,-10.25096806
NSFTV_293,6,-15.83685096
NSFTV_296,6,-4.788851276
NSFTV_297,6,-1.559763698
NSFTV_298,6,-6.116969709
NSFTV_299,6,-8.078353057
NSFTV_300,6,-10.95201053
NSFTV_301,6,3.147221765
NSFTV_302,6,-7.228541119
NSFTV_303,6,-14.0416046
NSFTV_304,6,-21.34501216
NSFTV_305,6,-6.885988073
NSFTV_306,6,-1.693054824
NSFTV_310,6,3.942453128
NSFTV_311,6,-2.082000312
NSFTV_312,6,-15.59711097
NSFTV_313,6,-13.77667881
NSFTV_314,6,-0.496622495
NSFTV_315,6,-5.43308187
NSFTV_316,6,-8.363174974
NSFTV_317,6,-4.696016615
NSFTV_318,6,-8.601251472
NSFTV_320,6,-5.70091715
NSFTV_323,6,3.456144404
NSFTV_324,6,-3.869510095
NSFTV_325,6,-16.40838618
NSFTV_328,6,-7.103207369
NSFTV_329,6,-8.983156273
NSFTV_330,6,-10.70797747
NSFTV_331,6,-14.26247905
NSFTV_332,6,-12.85546069
NSFTV_333,6,-6.35895723
NSFTV_334,6,-16.30157928
NSFTV_336,6,-10.12005617
NSFTV_337,6,-19.50487862
NSFTV_340,6,5.399871187
NSFTV_341,6,-14.98422219
NSFTV_343,6,-12.26069938
NSFTV_345,6,-8.051739745
NSFTV_346,6,-14.91675421
NSFTV_347,6,-16.93386401
NSFTV_348,6,-11.66196355
NSFTV_349,6,-20.30673342
NSFTV_353,6,4.473855741
NSFTV_355,6,-2.118739318
NSFTV_356,6,-11.30722815
NSFTV_357,6,-5.2698421
NSFTV_358,6,3.875342531
NSFTV_359,6,-4.418769569
NSFTV_360,6,-9.878698673
NSFTV_363,6,-4.480522315
NSFTV_364,6,-11.78115161
NSFTV_366,6,0.522229692
NSFTV_368,6,-5.851359273
NSFTV_369,6,3.27674889
NSFTV_370,6,-7.272458894
NSFTV_371,6,-4.099422042
NSFTV_372,6,-3.133524967
NSFTV_375,6,-6.2958554
NSFTV_376,6,-7.186188475
NSFTV_377,6,-16.72272021
NSFTV_378,6,-7.82430939
NSFTV_379,6,-15.40669087
NSFTV_380,6,-5.702604818
NSFTV_381,6,1.096316454
NSFTV_384,6,-0.500545388
NSFTV_385,6,-16.27934049
NSFTV_386,6,-5.64419426
NSFTV_387,6,-9.609107353
NSFTV_389,6,-3.89545108
NSFTV_391,6,-7.524672167
NSFTV_392,6,2.163751315
NSFTV_394,6,-11.82747619
NSFTV_395,6,-13.77730436
NSFTV_396,6,5.099788154
NSFTV_616,6,-15.76517647
NSFTV_619,6,-7.748569621
NSFTV_621,6,-12.05114535
NSFTV_622,6,-10.12157139
NSFTV_641,6,-6.586602234
NSFTV_642,6,-15.22078718
NSFTV_643,6,-21.24995134
NSFTV_647,6,-2.50435905
NSFTV_651,6,-10.43640822
NSFTV_19,6,-11.13648432
NSFTV_30,6,-9.081818426
NSFTV_36,6,-3.975707369
NSFTV_52,6,-16.32527496
NSFTV_54,6,-5.48172141
NSFTV_62,6,-9.317133089
NSFTV_64,6,-7.593563205
NSFTV_104,6,0.360432438
NSFTV_159,6,-8.994894987
NSFTV_169,6,-5.857498218
NSFTV_172,6,-18.87915932
NSFTV_229,6,-3.292023223
NSFTV_245,6,-1.937169641
NSFTV_247,6,-0.614906439
NSFTV_263,6,-2.740114157
NSFTV_265,6,-3.701438719
NSFTV_281,6,-2.138014337
NSFTV_284,6,-5.345699492
NSFTV_292,6,-1.757031064
NSFTV_295,6,-7.422940479
NSFTV_390,6,-17.41361235
NSFTV_620,6,-18.35096163
NSFTV_623,6,-4.955782348
NSFTV_624,6,-0.237595722
NSFTV_625,6,-4.147084765
NSFTV_626,6,-22.1602709
NSFTV_627,6,-11.1435972
NSFTV_633,6,-14.44114701
NSFTV_634,6,-12.97667006
NSFTV_244,6,-1.43599583
NSFTV_135,6,2.003164427
NSFTV_326,6,0.492404618
NSFTV_37,6,-14.88385592
NSFTV_629,6,-10.77977856
NSFTV_342,6,-11.52480107
NSFTV_90,6,-15.54803242
NSFTV_327,6,1.290341639
NSFTV_322,6,1.834257748
NSFTV_112,6,-8.304499996
NSFTV_352,6,-7.948851774
NSFTV_231,6,-7.94052529
NSFTV_227,6,-8.567525128
NSFTV_167,6,-5.132013796
NSFTV_253,6,-3.621662133
NSFTV_246,6,-8.921568147
NSFTV_239,6,-15.80289792
NSFTV_397,6,-1.566195738
NSFTV_618,6,-6.007230507
NSFTV_373,6,-5.522743647
NSFTV_260,6,-14.74313965
NSFTV_338,6,-4.876062142
NSFTV_388,6,2.504537657
NSFTV_365,6,-10.71552799
NSFTV_307,6,-1.990507404
NSFTV_21,6,-18.44095467
NSFTV_256,6,-12.81770684
NSFTV_339,6,-14.52051529
NSFTV_133,6,-7.281584601
NSFTV_216,6,-1.022024276
NSFTV_1,7,-0.968476096
NSFTV_3,7,-19.00236273
NSFTV_4,7,-4.608060314
NSFTV_5,7,-3.630416077
NSFTV_6,7,3.879424386
NSFTV_7,7,-0.421890781
NSFTV_8,7,-12.57770399
NSFTV_9,7,-4.794513079
NSFTV_10,7,0.106594316
NSFTV_11,7,-12.4173446
NSFTV_13,7,-8.800541284
NSFTV_14,7,-5.009019635
NSFTV_15,7,-11.23073171
NSFTV_16,7,-9.660919818
NSFTV_17,7,-14.10676513
NSFTV_18,7,-7.006245432
NSFTV_23,7,4.466305554
NSFTV_24,7,4.581281725
NSFTV_25,7,-10.77382747
NSFTV_26,7,-9.341233306
NSFTV_27,7,2.156881006
NSFTV_29,7,4.017772401
NSFTV_31,7,-3.972833917
NSFTV_32,7,0.677118504
NSFTV_33,7,-6.890801143
NSFTV_39,7,-13.73159525
NSFTV_40,7,-5.068462653
NSFTV_41,7,-0.393427347
NSFTV_43,7,-24.08883031
NSFTV_44,7,-6.238272638
NSFTV_45,7,-12.2484213
NSFTV_46,7,-19.16594151
NSFTV_49,7,-1.743830307
NSFTV_50,7,-5.787140976
NSFTV_51,7,-12.48785048
NSFTV_53,7,-8.682179979
NSFTV_55,7,-7.964377585
NSFTV_56,7,-1.78373548
NSFTV_57,7,-11.19259215
NSFTV_58,7,-3.277475518
NSFTV_59,7,3.956043797
NSFTV_60,7,-3.077562907
NSFTV_61,7,-17.6772318
NSFTV_63,7,-10.08284206
NSFTV_65,7,-2.928408722
NSFTV_66,7,-2.060801472
NSFTV_67,7,5.324546068
NSFTV_68,7,-14.76963318
NSFTV_70,7,-9.510022434
NSFTV_71,7,-15.4703759
NSFTV_72,7,-9.570383329
NSFTV_73,7,1.248491101
NSFTV_74,7,-7.379231615
NSFTV_75,7,1.007604987
NSFTV_76,7,-2.243825185
NSFTV_77,7,-8.948556637
NSFTV_78,7,-12.20000159
NSFTV_79,7,-10.01207338
NSFTV_80,7,-5.918989566
NSFTV_81,7,-7.216374327
NSFTV_83,7,-7.731194444
NSFTV_84,7,-13.45446936
NSFTV_85,7,-7.487662154
NSFTV_86,7,2.741726037
NSFTV_87,7,-7.726193729
NSFTV_88,7,-4.44336537
NSFTV_89,7,-3.984447545
NSFTV_92,7,-0.669972394
NSFTV_93,7,-2.876115533
NSFTV_94,7,0.93111985
NSFTV_96,7,-7.358188852
NSFTV_97,7,-16.8233485
NSFTV_98,7,-3.301729304
NSFTV_99,7,2.369822201
NSFTV_101,7,-8.420936853
NSFTV_102,7,-2.745062564
NSFTV_103,7,-9.529381585
NSFTV_105,7,0.363287309
NSFTV_106,7,-22.73267472
NSFTV_107,7,-12.45818041
NSFTV_108,7,-8.359871271
NSFTV_109,7,-15.38995544
NSFTV_113,7,-5.273994571
NSFTV_114,7,-14.76846334
NSFTV_116,7,-3.904096301
NSFTV_117,7,-9.926957509
NSFTV_118,7,-2.208367288
NSFTV_120,7,-9.5546551
NSFTV_121,7,-6.968059593
NSFTV_122,7,-12.34483471
NSFTV_123,7,-4.640349882
NSFTV_124,7,-8.295498985
NSFTV_125,7,-19.81887315
NSFTV_128,7,-14.88430797
NSFTV_129,7,-12.29212527
NSFTV_130,7,-7.806914107
NSFTV_131,7,-1.984171988
NSFTV_132,7,-10.1312696
NSFTV_134,7,-2.172023981
NSFTV_139,7,-1.186505555
NSFTV_140,7,-17.97376298
NSFTV_141,7,-11.14494293
NSFTV_142,7,-12.59693523
NSFTV_143,7,0.410680434
NSFTV_144,7,-4.366519921
NSFTV_145,7,-5.465195169
NSFTV_146,7,3.536370231
NSFTV_147,7,5.863364147
NSFTV_148,7,-8.307958605
NSFTV_149,7,0.985559119
NSFTV_150,7,-8.218362961
NSFTV_151,7,-4.761129574
NSFTV_152,7,-2.312126863
NSFTV_153,7,-5.628461529
NSFTV_154,7,-7.089801461
NSFTV_155,7,-4.531676997
NSFTV_156,7,-9.999134624
NSFTV_157,7,-3.848086295
NSFTV_158,7,-8.97151193
NSFTV_160,7,-12.61929663
NSFTV_161,7,1.905960215
NSFTV_162,7,-13.09162139
NSFTV_163,7,-11.7764595
NSFTV_164,7,2.530745342
NSFTV_165,7,-17.36657317
NSFTV_166,7,-12.63644797
NSFTV_168,7,-6.213803405
NSFTV_171,7,1.32158388
NSFTV_173,7,-7.075666792
NSFTV_174,7,-7.395303414
NSFTV_176,7,3.341328681
NSFTV_177,7,-3.067760342
NSFTV_179,7,-4.269277471
NSFTV_180,7,-2.458259021
NSFTV_182,7,-11.33766548
NSFTV_183,7,-11.96312918
NSFTV_184,7,0.982326571
NSFTV_185,7,-10.71785471
NSFTV_186,7,-7.203703896
NSFTV_187,7,-6.030744956
NSFTV_188,7,-11.62584174
NSFTV_189,7,-4.462724272
NSFTV_190,7,-8.442084317
NSFTV_191,7,-5.019811498
NSFTV_192,7,-1.513921613
NSFTV_193,7,1.125368676
NSFTV_195,7,-9.766961311
NSFTV_198,7,-0.900270966
NSFTV_199,7,0.311169313
NSFTV_200,7,-0.624052091
NSFTV_202,7,-9.05204291
NSFTV_203,7,-20.59800096
NSFTV_205,7,-5.07932706
NSFTV_206,7,0.010931719
NSFTV_207,7,-6.993456984
NSFTV_208,7,2.882782454
NSFTV_209,7,-15.47307457
NSFTV_211,7,-0.343241952
NSFTV_213,7,-1.525588835
NSFTV_214,7,1.098534536
NSFTV_215,7,-4.19677088
NSFTV_217,7,7.324658747
NSFTV_218,7,3.795565031
NSFTV_219,7,-6.543705829
NSFTV_220,7,2.95328521
NSFTV_221,7,-9.943534001
NSFTV_222,7,-14.31809158
NSFTV_223,7,-10.54685085
NSFTV_224,7,-6.04222196
NSFTV_225,7,-7.257693498
NSFTV_226,7,-5.727516086
NSFTV_228,7,-6.503940853
NSFTV_233,7,-4.864069784
NSFTV_234,7,-0.018471181
NSFTV_235,7,-2.210049748
NSFTV_236,7,-8.563694248
NSFTV_237,7,-4.110967944
NSFTV_240,7,-19.35858805
NSFTV_241,7,-2.183643992
NSFTV_242,7,-6.976282472
NSFTV_243,7,-17.01950612
NSFTV_248,7,2.935044447
NSFTV_250,7,-9.313367987
NSFTV_251,7,-16.78986861
NSFTV_252,7,-14.21844608
NSFTV_254,7,-21.79602306
NSFTV_255,7,-9.143907858
NSFTV_257,7,-2.265737382
NSFTV_259,7,-13.2629894
NSFTV_261,7,-12.51266846
NSFTV_262,7,-6.311972462
NSFTV_264,7,-6.616292595
NSFTV_266,7,-7.605153006
NSFTV_267,7,-3.095544075
NSFTV_268,7,-7.00175163
NSFTV_269,7,-2.038699252
NSFTV_270,7,0.481514061
NSFTV_271,7,1.538928074
NSFTV_272,7,-9.354716628
NSFTV_273,7,-5.713167095
NSFTV_274,7,-3.772892558
NSFTV_275,7,2.514946238
NSFTV_277,7,-6.719338836
NSFTV_278,7,-3.396494883
NSFTV_279,7,-9.8672947
NSFTV_280,7,-2.120303169
NSFTV_282,7,-1.994771017
NSFTV_283,7,-8.035464963
NSFTV_285,7,-13.24014863
NSFTV_286,7,2.342258724
NSFTV_287,7,-10.03364687
NSFTV_288,7,0.557781852
NSFTV_289,7,-2.759132539
NSFTV_290,7,-8.751620487
NSFTV_291,7,-7.24724024
NSFTV_293,7,-14.88210362
NSFTV_296,7,-3.580910577
NSFTV_297,7,-25.5295757
NSFTV_298,7,-6.019622609
NSFTV_299,7,-6.485519125
NSFTV_300,7,-4.605356284
NSFTV_301,7,-5.942717684
NSFTV_302,7,0.158328452
NSFTV_303,7,-9.358880341
NSFTV_304,7,-19.59689909
NSFTV_305,7,-4.574105092
NSFTV_306,7,-4.825105159
NSFTV_310,7,-6.041121857
NSFTV_311,7,-4.545387462
NSFTV_312,7,-10.62559627
NSFTV_313,7,-18.26360156
NSFTV_314,7,4.943457298
NSFTV_315,7,-2.119312771
NSFTV_316,7,-1.863736454
NSFTV_317,7,-2.807890669
NSFTV_318,7,-11.05738909
NSFTV_320,7,-2.37333099
NSFTV_323,7,0.090326049
NSFTV_324,7,0.813028686
NSFTV_325,7,-23.4860735
NSFTV_328,7,0.226529527
NSFTV_329,7,0.446305572
NSFTV_330,7,-9.272159456
NSFTV_331,7,0.290728933
NSFTV_332,7,-14.19957338
NSFTV_333,7,-2.992267747
NSFTV_334,7,-11.4854549
NSFTV_336,7,-2.46681341
NSFTV_337,7,-17.06159247
NSFTV_340,7,-6.03333106
NSFTV_341,7,-14.59722889
NSFTV_343,7,-9.88564155
NSFTV_345,7,-0.466666401
NSFTV_346,7,-11.12323802
NSFTV_347,7,-15.58810543
NSFTV_348,7,-7.11391243
NSFTV_349,7,-17.45376334
NSFTV_353,7,-11.4815825
NSFTV_355,7,-10.64115793
NSFTV_356,7,-15.95555271
NSFTV_357,7,-1.270370711
NSFTV_358,7,3.065051805
NSFTV_359,7,-8.06944264
NSFTV_360,7,0.115636863
NSFTV_363,7,-9.367538388
NSFTV_364,7,-13.44107852
NSFTV_366,7,-9.230701171
NSFTV_368,7,-11.08573828
NSFTV_369,7,-2.240112114
NSFTV_370,7,-9.683233035
NSFTV_371,7,-4.49261896
NSFTV_372,7,-1.645615722
NSFTV_375,7,2.131808936
NSFTV_376,7,-0.894196308
NSFTV_377,7,-17.91449013
NSFTV_378,7,-3.470257582
NSFTV_379,7,-18.7723443
NSFTV_380,7,-5.3389027
NSFTV_381,7,-9.364668948
NSFTV_384,7,-3.29624195
NSFTV_385,7,-12.80480193
NSFTV_386,7,-8.79706459
NSFTV_387,7,-8.015568225
NSFTV_389,7,-17.02945044
NSFTV_391,7,-11.44741318
NSFTV_392,7,1.473717062
NSFTV_394,7,-14.22698836
NSFTV_395,7,-9.303436224
NSFTV_396,7,-3.918530034
NSFTV_616,7,-11.83325274
NSFTV_619,7,-9.451453586
NSFTV_621,7,-7.231445119
NSFTV_622,7,-12.06773264
NSFTV_641,7,-9.156618283
NSFTV_642,7,-16.21782496
NSFTV_643,7,-24.95643055
NSFTV_647,7,-16.82619519
NSFTV_651,7,-2.46526582
NSFTV_19,7,-6.42379789
NSFTV_30,7,-5.689719094
NSFTV_36,7,-9.068388197
NSFTV_52,7,-6.145133424
NSFTV_54,7,-4.134308481
NSFTV_62,7,-9.323991305
NSFTV_64,7,-4.721425065
NSFTV_104,7,1.698914168
NSFTV_159,7,-16.84916022
NSFTV_169,7,-4.454208876
NSFTV_172,7,-11.40104596
NSFTV_229,7,-4.972366246
NSFTV_245,7,-5.328773688
NSFTV_247,7,-1.967584965
NSFTV_263,7,-7.75917452
NSFTV_265,7,-3.217082117
NSFTV_281,7,-7.623416683
NSFTV_284,7,-6.228341036
NSFTV_292,7,-9.635170076
NSFTV_295,7,-4.698336726
NSFTV_390,7,-5.170183683
NSFTV_620,7,-14.55605455
NSFTV_623,7,-9.23844888
NSFTV_624,7,-3.282302318
NSFTV_625,7,-5.074186574
NSFTV_626,7,-15.25936448
NSFTV_627,7,-13.8655936
NSFTV_633,7,-1.970470381
NSFTV_634,7,-9.691692167
NSFTV_244,7,-2.842466328
NSFTV_135,7,3.121115767
NSFTV_326,7,-5.265559218
NSFTV_37,7,-8.49358326
NSFTV_629,7,-5.074605592
NSFTV_342,7,-9.236209384
NSFTV_90,7,-16.69957385
NSFTV_327,7,-9.283087476
NSFTV_322,7,-6.087395095
NSFTV_112,7,-3.680758765
NSFTV_352,7,-6.651460209
NSFTV_231,7,-6.234651986
NSFTV_227,7,-8.534378757
NSFTV_167,7,0.75336137
NSFTV_253,7,-5.274616303
NSFTV_246,7,-22.17249769
NSFTV_239,7,-15.25348192
NSFTV_397,7,2.62760198
NSFTV_618,7,-9.618863561
NSFTV_373,7,-4.615798401
NSFTV_260,7,-4.753389913
NSFTV_338,7,-4.54507109
NSFTV_388,7,-5.994710485
NSFTV_365,7,-2.876782134
NSFTV_307,7,-5.54835726
NSFTV_21,7,-22.24946285
NSFTV_256,7,-14.44393143
NSFTV_339,7,-13.70142548
NSFTV_133,7,0.608387974
NSFTV_216,7,0.394147221
NSFTV_1,8,-4.843194808
NSFTV_3,8,-12.84529149
NSFTV_4,8,-0.734275659
NSFTV_5,8,-6.811926493
NSFTV_6,8,-0.939882707
NSFTV_7,8,8.519811464
NSFTV_8,8,-20.56459189
NSFTV_9,8,-2.399971532
NSFTV_10,8,-6.503244112
NSFTV_11,8,-16.09333762
NSFTV_13,8,-7.764872421
NSFTV_14,8,-3.964992819
NSFTV_15,8,-7.519996613
NSFTV_16,8,-3.473138126
NSFTV_17,8,-9.076187852
NSFTV_18,8,-10.74760696
NSFTV_23,8,4.537776248
NSFTV_24,8,1.903232191
NSFTV_25,8,-19.43903048
NSFTV_26,8,-4.425358728
NSFTV_27,8,3.52025207
NSFTV_29,8,4.264691056
NSFTV_31,8,-0.231189859
NSFTV_32,8,2.595271238
NSFTV_33,8,-7.19479974
NSFTV_39,8,-11.22200097
NSFTV_40,8,2.402379455
NSFTV_41,8,-3.45955964
NSFTV_43,8,-12.71630111
NSFTV_44,8,-6.571311324
NSFTV_45,8,-10.63931282
NSFTV_46,8,-10.38361086
NSFTV_49,8,-3.521668413
NSFTV_50,8,-0.791792684
NSFTV_51,8,-6.535001724
NSFTV_53,8,-10.46039697
NSFTV_55,8,-13.42242135
NSFTV_56,8,0.47509131
NSFTV_57,8,-13.41851435
NSFTV_58,8,-7.654916192
NSFTV_59,8,3.436750617
NSFTV_60,8,-6.174180157
NSFTV_61,8,-9.695431143
NSFTV_63,8,-2.705041815
NSFTV_65,8,-6.446959153
NSFTV_66,8,-3.477528859
NSFTV_67,8,-3.023107135
NSFTV_68,8,-7.617523768
NSFTV_70,8,-10.72485746
NSFTV_71,8,-1.920166404
NSFTV_72,8,-0.188149356
NSFTV_73,8,4.87622701
NSFTV_74,8,-5.260047872
NSFTV_75,8,-0.691918333
NSFTV_76,8,1.16358511
NSFTV_77,8,-2.702646414
NSFTV_78,8,-10.61005741
NSFTV_79,8,-5.069470463
NSFTV_80,8,-0.398357639
NSFTV_81,8,-6.918367597
NSFTV_83,8,-11.67112745
NSFTV_84,8,-8.969414189
NSFTV_85,8,-3.992990064
NSFTV_86,8,-5.027765004
NSFTV_87,8,-18.10835238
NSFTV_88,8,-1.810637912
NSFTV_89,8,-4.676334764
NSFTV_92,8,-6.960016939
NSFTV_93,8,-7.657986584
NSFTV_94,8,-9.783592218
NSFTV_96,8,-10.20157261
NSFTV_97,8,-19.88968999
NSFTV_98,8,-6.219965402
NSFTV_99,8,-0.25290049
NSFTV_101,8,-5.1118887
NSFTV_102,8,-13.59682137
NSFTV_103,8,3.124203146
NSFTV_105,8,0.108506639
NSFTV_106,8,-16.05572125
NSFTV_107,8,-0.952804316
NSFTV_108,8,-8.858282155
NSFTV_109,8,-7.457621753
NSFTV_113,8,-9.055669756
NSFTV_114,8,-12.92774214
NSFTV_116,8,-2.089812977
NSFTV_117,8,-20.47166251
NSFTV_118,8,-7.152054423
NSFTV_120,8,4.242186713
NSFTV_121,8,-2.118471711
NSFTV_122,8,-15.89844406
NSFTV_123,8,-12.25669684
NSFTV_124,8,-6.042751769
NSFTV_125,8,-26.36855586
NSFTV_128,8,-11.28731246
NSFTV_129,8,-7.830662774
NSFTV_130,8,-10.48301907
NSFTV_131,8,2.011677247
NSFTV_132,8,-10.01756071
NSFTV_134,8,-2.638560823
NSFTV_139,8,1.352341812
NSFTV_140,8,-26.15464878
NSFTV_141,8,-9.935961291
NSFTV_142,8,-2.863604588
NSFTV_143,8,-2.020079315
NSFTV_144,8,-5.347699184
NSFTV_145,8,-10.3850999
NSFTV_146,8,-3.98249091
NSFTV_147,8,5.971565106
NSFTV_148,8,-11.86978433
NSFTV_149,8,-7.895180439
NSFTV_150,8,-10.7220538
NSFTV_151,8,-4.600726642
NSFTV_152,8,-6.853229451
NSFTV_153,8,4.826276142
NSFTV_154,8,1.821980683
NSFTV_155,8,-2.448083035
NSFTV_156,8,-5.489411004
NSFTV_157,8,-7.114392495
NSFTV_158,8,2.962690792
NSFTV_160,8,-16.97893425
NSFTV_161,8,1.462691732
NSFTV_162,8,-10.08521058
NSFTV_163,8,-4.568963811
NSFTV_164,8,6.757146272
NSFTV_165,8,-4.335039026
NSFTV_166,8,-11.48285943
NSFTV_168,8,-17.50390379
NSFTV_171,8,-8.450312498
NSFTV_173,8,-1.036900337
NSFTV_174,8,5.507390645
NSFTV_176,8,-11.00014161
NSFTV_177,8,-3.524052455
NSFTV_179,8,-3.965637948
NSFTV_180,8,1.30654497
NSFTV_182,8,-10.05266889
NSFTV_183,8,-6.203876146
NSFTV_184,8,-6.047907031
NSFTV_185,8,-11.11708706
NSFTV_186,8,-11.5449819
NSFTV_187,8,-0.746312461
NSFTV_188,8,-11.03560128
NSFTV_189,8,-6.112323133
NSFTV_190,8,-7.039648349
NSFTV_191,8,0.112777016
NSFTV_192,8,-8.963354023
NSFTV_193,8,-2.60217566
NSFTV_195,8,-5.1114936
NSFTV_198,8,2.386126489
NSFTV_199,8,6.127812431
NSFTV_200,8,-4.510802394
NSFTV_202,8,-14.50211907
NSFTV_203,8,-12.79589003
NSFTV_205,8,-1.216800958
NSFTV_206,8,-5.010601518
NSFTV_207,8,-7.777221502
NSFTV_208,8,-2.943950883
NSFTV_209,8,-15.9160947
NSFTV_211,8,6.110527223
NSFTV_213,8,-4.491450066
NSFTV_214,8,2.915954332
NSFTV_215,8,-2.316808232
NSFTV_217,8,8.306785947
NSFTV_218,8,1.419488712
NSFTV_219,8,-13.54918038
NSFTV_220,8,-10.38944215
NSFTV_221,8,-6.621832039
NSFTV_222,8,-19.42151945
NSFTV_223,8,-14.31110083
NSFTV_224,8,-3.958959355
NSFTV_225,8,-5.046375068
NSFTV_226,8,-3.928463644
NSFTV_228,8,-14.88732675
NSFTV_233,8,-6.693019212
NSFTV_234,8,-5.078309817
NSFTV_235,8,-7.389567672
NSFTV_236,8,-7.23939353
NSFTV_237,8,-9.855845688
NSFTV_240,8,-13.6881511
NSFTV_241,8,1.352595996
NSFTV_242,8,-3.254377531
NSFTV_243,8,-16.43080317
NSFTV_248,8,-0.794674154
NSFTV_250,8,-7.354373148
NSFTV_251,8,-4.367661984
NSFTV_252,8,0.878394615
NSFTV_254,8,-13.29043674
NSFTV_255,8,-4.482775734
NSFTV_257,8,-1.060157634
NSFTV_259,8,-3.879209703
NSFTV_261,8,-0.961392168
NSFTV_262,8,-12.40175387
NSFTV_264,8,-11.47229728
NSFTV_266,8,-9.731012235
NSFTV_267,8,3.19666679
NSFTV_268,8,-5.214696374
NSFTV_269,8,-0.585301676
NSFTV_270,8,-3.645153198
NSFTV_271,8,-2.422157216
NSFTV_272,8,-0.176812184
NSFTV_273,8,-3.000104264
NSFTV_274,8,-13.5999241
NSFTV_275,8,-11.59189084
NSFTV_277,8,-10.85592265
NSFTV_278,8,-4.191017258
NSFTV_279,8,-15.09094193
NSFTV_280,8,-3.10605038
NSFTV_282,8,-9.197199733
NSFTV_283,8,-1.376808266
NSFTV_285,8,-8.740025311
NSFTV_286,8,-7.615796613
NSFTV_287,8,-0.660111019
NSFTV_288,8,-1.772691812
NSFTV_289,8,6.672596807
NSFTV_290,8,-1.039462357
NSFTV_291,8,-6.181059495
NSFTV_293,8,-9.200424239
NSFTV_296,8,-6.469739602
NSFTV_297,8,-15.89458305
NSFTV_298,8,-19.2676169
NSFTV_299,8,-6.567401076
NSFTV_300,8,-1.366402573
NSFTV_301,8,-2.930341918
NSFTV_302,8,-6.842828051
NSFTV_303,8,-6.695329176
NSFTV_304,8,-14.50619119
NSFTV_305,8,-1.601874531
NSFTV_306,8,-6.351259356
NSFTV_310,8,-0.000753746
NSFTV_311,8,0.320720697
NSFTV_312,8,-4.49004298
NSFTV_313,8,-17.44073471
NSFTV_314,8,-0.028562697
NSFTV_315,8,6.771287449
NSFTV_316,8,-1.284244046
NSFTV_317,8,6.616651107
NSFTV_318,8,-1.168433645
NSFTV_320,8,1.140969535
NSFTV_323,8,-5.518514459
NSFTV_324,8,-12.41450655
NSFTV_325,8,-25.78489018
NSFTV_328,8,-5.751304625
NSFTV_329,8,-9.289220014
NSFTV_330,8,-18.52612064
NSFTV_331,8,-5.629794893
NSFTV_332,8,-20.41957924
NSFTV_333,8,5.177187019
NSFTV_334,8,-2.557212827
NSFTV_336,8,-2.370647213
NSFTV_337,8,-14.93721166
NSFTV_340,8,-1.835144983
NSFTV_341,8,-10.52347305
NSFTV_343,8,-3.132370781
NSFTV_345,8,-1.085013615
NSFTV_346,8,-5.495869554
NSFTV_347,8,-5.247516311
NSFTV_348,8,-6.326432624
NSFTV_349,8,-16.85890637
NSFTV_353,8,-16.09456776
NSFTV_355,8,-4.688026839
NSFTV_356,8,-18.65230626
NSFTV_357,8,0.529106582
NSFTV_358,8,-1.961194656
NSFTV_359,8,-3.262970426
NSFTV_360,8,3.433907076
NSFTV_363,8,3.658540071
NSFTV_364,8,-5.125054407
NSFTV_366,8,-3.547636562
NSFTV_368,8,-3.018618481
NSFTV_369,8,1.563647498
NSFTV_370,8,-14.75747787
NSFTV_371,8,8.12067906
NSFTV_372,8,4.598261075
NSFTV_375,8,3.561177097
NSFTV_376,8,-6.851899236
NSFTV_377,8,-8.165816891
NSFTV_378,8,-1.300227147
NSFTV_379,8,-20.5985592
NSFTV_380,8,-5.124647501
NSFTV_381,8,-8.014494287
NSFTV_384,8,1.82738521
NSFTV_385,8,-11.32468967
NSFTV_386,8,-1.142452881
NSFTV_387,8,-0.375491188
NSFTV_389,8,-6.772242325
NSFTV_391,8,-9.972034645
NSFTV_392,8,-7.330451087
NSFTV_394,8,-17.20164681
NSFTV_395,8,-14.54152178
NSFTV_396,8,-10.70497975
NSFTV_616,8,-5.764819624
NSFTV_619,8,-16.22103078
NSFTV_621,8,-12.97776137
NSFTV_622,8,-12.90719533
NSFTV_641,8,-6.369575429
NSFTV_642,8,-7.055745613
NSFTV_643,8,-17.22729657
NSFTV_647,8,-6.272980047
NSFTV_651,8,-1.637545267
NSFTV_19,8,-11.58442326
NSFTV_30,8,-8.931457223
NSFTV_36,8,-5.94597792
NSFTV_52,8,-5.348974549
NSFTV_54,8,-6.261638933
NSFTV_62,8,-3.657938782
NSFTV_64,8,-10.14442028
NSFTV_104,8,-2.485947169
NSFTV_159,8,-20.1469318
NSFTV_169,8,-3.510878492
NSFTV_172,8,-11.66602701
NSFTV_229,8,2.619377231
NSFTV_245,8,-4.439568226
NSFTV_247,8,0.249693787
NSFTV_263,8,-11.62803273
NSFTV_265,8,3.194196427
NSFTV_281,8,-8.088771461
NSFTV_284,8,3.959688181
NSFTV_292,8,-7.630716846
NSFTV_295,8,-9.02172482
NSFTV_390,8,-1.665289183
NSFTV_620,8,-15.81489616
NSFTV_623,8,-4.25745763
NSFTV_624,8,-0.215351166
NSFTV_625,8,-4.458955441
NSFTV_626,8,-8.9982651
NSFTV_627,8,-9.385231407
NSFTV_633,8,-5.081260061
NSFTV_634,8,-6.854072897
NSFTV_244,8,-1.456734208
NSFTV_135,8,5.641198464
NSFTV_326,8,-0.849628119
NSFTV_37,8,-12.84484371
NSFTV_629,8,-6.465770892
NSFTV_342,8,-4.991620401
NSFTV_90,8,-7.049684754
NSFTV_327,8,-1.148264733
NSFTV_322,8,0.65491262
NSFTV_112,8,-1.697223366
NSFTV_352,8,-2.223900505
NSFTV_231,8,-14.32624505
NSFTV_227,8,-3.149456546
NSFTV_167,8,-7.081266155
NSFTV_253,8,-7.170882877
NSFTV_246,8,-10.23187979
NSFTV_239,8,-8.161716078
NSFTV_397,8,-4.264390507
NSFTV_618,8,-4.88765917
NSFTV_373,8,-3.018557943
NSFTV_260,8,-3.437079987
NSFTV_338,8,-10.46037998
NSFTV_388,8,-5.706606197
NSFTV_365,8,-1.753146393
NSFTV_307,8,-4.314510003
NSFTV_21,8,-15.29670496
NSFTV_256,8,-19.51543822
NSFTV_339,8,-10.36433001
NSFTV_133,8,-5.41080108
NSFTV_216,8,-2.213878812
NSFTV_1,9,-3.089696089
NSFTV_3,9,-14.68348215
NSFTV_4,9,-4.759137134
NSFTV_5,9,1.082204661
NSFTV_6,9,0.678562079
NSFTV_7,9,2.009990132
NSFTV_8,9,-3.5185404
NSFTV_9,9,-4.314257879
NSFTV_10,9,-10.29440536
NSFTV_11,9,-17.03383968
NSFTV_13,9,-4.049368568
NSFTV_14,9,-5.316773437
NSFTV_15,9,-6.316498299
NSFTV_16,9,-7.037583416
NSFTV_17,9,-2.39041559
NSFTV_18,9,-2.173487142
NSFTV_23,9,2.08500186
NSFTV_24,9,4.623325032
NSFTV_25,9,-15.94926
NSFTV_26,9,-0.581383888
NSFTV_27,9,2.186809965
NSFTV_29,9,3.283038062
NSFTV_31,9,-11.88123431
NSFTV_32,9,-6.687550111
NSFTV_33,9,1.555381987
NSFTV_39,9,-12.49484164
NSFTV_40,9,3.115784779
NSFTV_41,9,-1.010361622
NSFTV_43,9,-13.58857248
NSFTV_44,9,-14.12081551
NSFTV_45,9,-3.835522267
NSFTV_46,9,-12.25419756
NSFTV_49,9,-1.185232748
NSFTV_50,9,-5.20343607
NSFTV_51,9,3.976570249
NSFTV_53,9,-11.88479438
NSFTV_55,9,-20.85030447
NSFTV_56,9,-1.759221411
NSFTV_57,9,-7.939239713
NSFTV_58,9,-4.798555856
NSFTV_59,9,3.814648846
NSFTV_60,9,3.198375324
NSFTV_61,9,-25.36483809
NSFTV_63,9,-9.998835889
NSFTV_65,9,0.332205734
NSFTV_66,9,-1.927536962
NSFTV_67,9,1.489828178
NSFTV_68,9,-15.17313266
NSFTV_70,9,-16.02450389
NSFTV_71,9,-0.333782897
NSFTV_72,9,3.572618391
NSFTV_73,9,-2.943656802
NSFTV_74,9,4.029111092
NSFTV_75,9,6.045874734
NSFTV_76,9,-0.888647202
NSFTV_77,9,-1.049133711
NSFTV_78,9,-16.09734505
NSFTV_79,9,-1.31308102
NSFTV_80,9,-2.254346684
NSFTV_81,9,-6.488064812
NSFTV_83,9,-7.703124143
NSFTV_84,9,-20.18169321
NSFTV_85,9,-9.144830062
NSFTV_86,9,-6.986885657
NSFTV_87,9,-8.069865232
NSFTV_88,9,4.714615047
NSFTV_89,9,2.687815715
NSFTV_92,9,-14.07174847
NSFTV_93,9,-6.29085328
NSFTV_94,9,-8.960592545
NSFTV_96,9,-16.21794063
NSFTV_97,9,-22.29701749
NSFTV_98,9,-11.03869202
NSFTV_99,9,-1.330487047
NSFTV_101,9,2.511881912
NSFTV_102,9,-18.08908498
NSFTV_103,9,-2.782998841
NSFTV_105,9,-0.993345826
NSFTV_106,9,-17.69483398
NSFTV_107,9,-7.726964191
NSFTV_108,9,-6.367204848
NSFTV_109,9,-9.835153592
NSFTV_113,9,2.375023774
NSFTV_114,9,-4.05961968
NSFTV_116,9,-2.054551103
NSFTV_117,9,-19.66023146
NSFTV_118,9,0.161916631
NSFTV_120,9,-7.464689606
NSFTV_121,9,-8.924243427
NSFTV_122,9,-12.12898096
NSFTV_123,9,-8.249690565
NSFTV_124,9,-11.60089179
NSFTV_125,9,-8.288086058
NSFTV_128,9,-13.05897536
NSFTV_129,9,-15.41097074
NSFTV_130,9,-1.412180334
NSFTV_131,9,7.146254159
NSFTV_132,9,-6.548694292
NSFTV_134,9,-9.70992615
NSFTV_139,9,-2.518189579
NSFTV_140,9,-16.11415886
NSFTV_141,9,-13.00357927
NSFTV_142,9,-11.06008824
NSFTV_143,9,-1.446085002
NSFTV_144,9,-2.470413853
NSFTV_145,9,-9.381470525
NSFTV_146,9,6.7807078
NSFTV_147,9,-1.184803593
NSFTV_148,9,-11.15845008
NSFTV_149,9,-1.138332166
NSFTV_150,9,-6.462442013
NSFTV_151,9,2.223120983
NSFTV_152,9,10.86267009
NSFTV_153,9,-0.612750454
NSFTV_154,9,-0.450777977
NSFTV_155,9,-9.436805815
NSFTV_156,9,2.189010384
NSFTV_157,9,-5.152939751
NSFTV_158,9,-2.907240948
NSFTV_160,9,-10.96244271
NSFTV_161,9,-1.952962806
NSFTV_162,9,-1.724137972
NSFTV_163,9,1.066926164
NSFTV_164,9,-1.986922248
NSFTV_165,9,-5.576548683
NSFTV_166,9,-11.60263404
NSFTV_168,9,-9.627818582
NSFTV_171,9,-4.433479465
NSFTV_173,9,-1.863377509
NSFTV_174,9,2.318972397
NSFTV_176,9,-9.604071832
NSFTV_177,9,-0.153850509
NSFTV_179,9,-0.017546828
NSFTV_180,9,-4.998242096
NSFTV_182,9,-13.88581095
NSFTV_183,9,-6.564919237
NSFTV_184,9,5.286411834
NSFTV_185,9,-7.93899024
NSFTV_186,9,-4.051215528
NSFTV_187,9,-11.81775241
NSFTV_188,9,-8.669732654
NSFTV_189,9,-1.764731921
NSFTV_190,9,-8.663890504
NSFTV_191,9,-8.652358245
NSFTV_192,9,-5.045389942
NSFTV_193,9,-1.355161057
NSFTV_195,9,1.324220052
NSFTV_198,9,-0.360503024
NSFTV_199,9,1.121788342
NSFTV_200,9,2.969423972
NSFTV_202,9,-9.4737623
NSFTV_203,9,-19.34178855
NSFTV_205,9,-7.002384356
NSFTV_206,9,1.022459522
NSFTV_207,9,-7.136040118
NSFTV_208,9,0.170850372
NSFTV_209,9,-7.407015336
NSFTV_211,9,9.363445546
NSFTV_213,9,-0.80876976
NSFTV_214,9,3.691643654
NSFTV_215,9,-8.79007878
NSFTV_217,9,4.964005667
NSFTV_218,9,0.540421663
NSFTV_219,9,-3.851198714
NSFTV_220,9,-4.816705489
NSFTV_221,9,-13.96669472
NSFTV_222,9,-16.29835536
NSFTV_223,9,-8.399772616
NSFTV_224,9,-5.134256341
NSFTV_225,9,-4.529883792
NSFTV_226,9,-2.278769728
NSFTV_228,9,2.137672282
NSFTV_233,9,-4.415747534
NSFTV_234,9,-4.328520985
NSFTV_235,9,0.965009684
NSFTV_236,9,0.975324352
NSFTV_237,9,-1.333569568
NSFTV_240,9,-15.91856392
NSFTV_241,9,2.27731692
NSFTV_242,9,-1.812111393
NSFTV_243,9,-15.29238306
NSFTV_248,9,-7.086397185
NSFTV_250,9,-5.638497677
NSFTV_251,9,-10.91761908
NSFTV_252,9,1.200035591
NSFTV_254,9,-7.738734195
NSFTV_255,9,-16.42624366
NSFTV_257,9,-12.28101515
NSFTV_259,9,-6.120733374
NSFTV_261,9,-3.046990326
NSFTV_262,9,6.432824563
NSFTV_264,9,-5.671978183
NSFTV_266,9,-0.514495434
NSFTV_267,9,-12.86922981
NSFTV_268,9,-10.13900367
NSFTV_269,9,0.468631664
NSFTV_270,9,-5.933740838
NSFTV_271,9,-8.105002454
NSFTV_272,9,-10.19253972
NSFTV_273,9,-8.96380914
NSFTV_274,9,-10.02288565
NSFTV_275,9,-5.257663608
NSFTV_277,9,-6.522565522
NSFTV_278,9,-10.0509585
NSFTV_279,9,-4.401266869
NSFTV_280,9,-4.262474029
NSFTV_282,9,-2.938473061
NSFTV_283,9,-11.28008441
NSFTV_285,9,-16.20642183
NSFTV_286,9,-1.302645573
NSFTV_287,9,-0.542830435
NSFTV_288,9,-0.632356162
NSFTV_289,9,-5.690833869
NSFTV_290,9,1.472825852
NSFTV_291,9,-5.180700604
NSFTV_293,9,-7.921243366
NSFTV_296,9,2.486316194
NSFTV_297,9,-15.37045196
NSFTV_298,9,-9.762563545
NSFTV_299,9,-9.069522794
NSFTV_300,9,-9.982344562
NSFTV_301,9,-10.97093505
NSFTV_302,9,-4.646547094
NSFTV_303,9,-5.761180334
NSFTV_304,9,-15.49996779
NSFTV_305,9,-5.128783625
NSFTV_306,9,-5.839159471
NSFTV_310,9,7.065990505
NSFTV_311,9,0.279509413
NSFTV_312,9,-1.041528363
NSFTV_313,9,-4.064029206
NSFTV_314,9,-5.613471358
NSFTV_315,9,-0.511204548
NSFTV_316,9,2.869094418
NSFTV_317,9,-2.677970046
NSFTV_318,9,1.041599186
NSFTV_320,9,0.732537466
NSFTV_323,9,0.85839722
NSFTV_324,9,-10.32165812
NSFTV_325,9,-19.20826645
NSFTV_328,9,0.467963821
NSFTV_329,9,-1.135572969
NSFTV_330,9,-5.083663608
NSFTV_331,9,-4.446255402
NSFTV_332,9,-17.81232152
NSFTV_333,9,-1.176309098
NSFTV_334,9,-3.517086173
NSFTV_336,9,2.84471431
NSFTV_337,9,-7.861575678
NSFTV_340,9,-3.972223678
NSFTV_341,9,-17.16955978
NSFTV_343,9,0.511954975
NSFTV_345,9,-0.048140377
NSFTV_346,9,-5.922456828
NSFTV_347,9,-13.3647699
NSFTV_348,9,-4.729397991
NSFTV_349,9,-6.604264372
NSFTV_353,9,-5.521803231
NSFTV_355,9,-1.12031389
NSFTV_356,9,-21.17912019
NSFTV_357,9,8.01444151
NSFTV_358,9,-6.472366129
NSFTV_359,9,-10.10945233
NSFTV_360,9,3.044502258
NSFTV_363,9,-0.115842837
NSFTV_364,9,-10.84032749
NSFTV_366,9,-6.110718805
NSFTV_368,9,-0.841469257
NSFTV_369,9,7.882703112
NSFTV_370,9,-7.124350581
NSFTV_371,9,-1.522359455
NSFTV_372,9,-0.81302859
NSFTV_375,9,1.08926478
NSFTV_376,9,-5.328654347
NSFTV_377,9,-14.65656839
NSFTV_378,9,-5.919821348
NSFTV_379,9,-14.1638346
NSFTV_380,9,-4.279126662
NSFTV_381,9,-11.79965967
NSFTV_384,9,-0.012225211
NSFTV_385,9,-7.198186882
NSFTV_386,9,-6.703737067
NSFTV_387,9,-1.033396474
NSFTV_389,9,1.078984362
NSFTV_391,9,-4.831376134
NSFTV_392,9,-6.533749355
NSFTV_394,9,-8.657615102
NSFTV_395,9,-16.81040875
NSFTV_396,9,3.443900892
NSFTV_616,9,-10.34957279
NSFTV_619,9,-9.030301873
NSFTV_621,9,0.202665002
NSFTV_622,9,-13.13273733
NSFTV_641,9,-7.837650467
NSFTV_642,9,-8.362163656
NSFTV_643,9,-12.21208956
NSFTV_647,9,-9.481725997
NSFTV_651,9,0.341286604
NSFTV_19,9,1.784949542
NSFTV_30,9,-10.93731258
NSFTV_36,9,-4.322224739
NSFTV_52,9,-8.709832406
NSFTV_54,9,-5.492844651
NSFTV_62,9,0.752563137
NSFTV_64,9,-4.987938101
NSFTV_104,9,-5.269325113
NSFTV_159,9,-13.21484082
NSFTV_169,9,-7.597896508
NSFTV_172,9,-21.74299095
NSFTV_229,9,-5.799346015
NSFTV_245,9,-1.04677373
NSFTV_247,9,-4.168489881
NSFTV_263,9,-9.256280813
NSFTV_265,9,-5.734711312
NSFTV_281,9,-11.93421121
NSFTV_284,9,-12.49131169
NSFTV_292,9,-0.692772486
NSFTV_295,9,-5.102457714
NSFTV_390,9,-1.104901071
NSFTV_620,9,-18.30124739
NSFTV_623,9,-15.19777337
NSFTV_624,9,-0.078536582
NSFTV_625,9,-3.340579188
NSFTV_626,9,-15.42326585
NSFTV_627,9,-8.27440634
NSFTV_633,9,-4.732952793
NSFTV_634,9,-8.944090712
NSFTV_244,9,-8.363145749
NSFTV_135,9,13.83059496
NSFTV_326,9,3.776115755
NSFTV_37,9,2.422585451
NSFTV_629,9,-4.806396597
NSFTV_342,9,2.806076226
NSFTV_90,9,-13.57585951
NSFTV_327,9,-4.457804949
NSFTV_322,9,-3.641131595
NSFTV_112,9,-11.19664522
NSFTV_352,9,0.465539018
NSFTV_231,9,-5.303175525
NSFTV_227,9,-2.652780283
NSFTV_167,9,0.889732207
NSFTV_253,9,-1.658104249
NSFTV_246,9,-9.280554651
NSFTV_239,9,-6.845649267
NSFTV_397,9,-3.44960006
NSFTV_618,9,-12.16825279
NSFTV_373,9,-0.030901007
NSFTV_260,9,-7.583398915
NSFTV_338,9,-9.596825151
NSFTV_388,9,-4.311295133
NSFTV_365,9,-7.468997634
NSFTV_307,9,3.761925462
NSFTV_21,9,-8.74562111
NSFTV_256,9,-13.20899682
NSFTV_339,9,-14.3238336
NSFTV_133,9,4.109385567
NSFTV_216,9,2.022621226
NSFTV_1,10,-0.431110105
NSFTV_3,10,-14.97633995
NSFTV_4,10,3.062593782
NSFTV_5,10,-1.948358604
NSFTV_6,10,0.477899873
NSFTV_7,10,0.110908777
NSFTV_8,10,-11.46245579
NSFTV_9,10,-8.428171208
NSFTV_10,10,-0.757282911
NSFTV_11,10,-8.184609191
NSFTV_13,10,-12.22347518
NSFTV_14,10,-6.870296351
NSFTV_15,10,-3.59910681
NSFTV_16,10,-2.79821279
NSFTV_17,10,-9.471848401
NSFTV_18,10,-8.506393932
NSFTV_23,10,0.4088806
NSFTV_24,10,12.8030151
NSFTV_25,10,-8.843339703
NSFTV_26,10,-0.814199677
NSFTV_27,10,-2.42352937
NSFTV_29,10,4.982920886
NSFTV_31,10,-0.370072
NSFTV_32,10,-5.345112238
NSFTV_33,10,-7.137122937
NSFTV_39,10,-12.01281036
NSFTV_40,10,-1.076223693
NSFTV_41,10,1.832593164
NSFTV_43,10,-22.68800964
NSFTV_44,10,6.385803467
NSFTV_45,10,-5.766108462
NSFTV_46,10,-7.485696678
NSFTV_49,10,4.623874378
NSFTV_50,10,-4.564185966
NSFTV_51,10,-8.202433554
NSFTV_53,10,-10.75122965
NSFTV_55,10,-7.031516712
NSFTV_56,10,-1.175477932
NSFTV_57,10,-15.63909876
NSFTV_58,10,-3.258071429
NSFTV_59,10,-0.624735259
NSFTV_60,10,-1.548615667
NSFTV_61,10,-17.93179012
NSFTV_63,10,-8.713021902
NSFTV_65,10,-1.008852327
NSFTV_66,10,2.424041838
NSFTV_67,10,-10.93962672
NSFTV_68,10,-13.35006634
NSFTV_70,10,-1.05337325
NSFTV_71,10,-0.749973661
NSFTV_72,10,8.097288773
NSFTV_73,10,-7.859346401
NSFTV_74,10,-2.058308306
NSFTV_75,10,-4.045385788
NSFTV_76,10,3.034801044
NSFTV_77,10,3.815516263
NSFTV_78,10,-8.086467764
NSFTV_79,10,-3.530834795
NSFTV_80,10,0.895649371
NSFTV_81,10,-10.88284199
NSFTV_83,10,-5.539728498
NSFTV_84,10,-4.131336796
NSFTV_85,10,-16.5110414
NSFTV_86,10,-1.025210046
NSFTV_87,10,-10.04817962
NSFTV_88,10,-2.37759681
NSFTV_89,10,-5.349746671
NSFTV_92,10,-4.678120352
NSFTV_93,10,-5.377847995
NSFTV_94,10,-1.945640847
NSFTV_96,10,-6.861558526
NSFTV_97,10,-15.25906086
NSFTV_98,10,-2.842723817
NSFTV_99,10,0.97082729
NSFTV_101,10,1.241635851
NSFTV_102,10,-5.418796807
NSFTV_103,10,-3.832670495
NSFTV_105,10,-1.088505317
NSFTV_106,10,-16.6217304
NSFTV_107,10,-3.0699102
NSFTV_108,10,-6.745800904
NSFTV_109,10,-5.406997507
NSFTV_113,10,-1.46022655
NSFTV_114,10,-18.95432766
NSFTV_116,10,-6.476924054
NSFTV_117,10,-22.82895447
NSFTV_118,10,0.127800034
NSFTV_120,10,-5.407999835
NSFTV_121,10,-10.31619444
NSFTV_122,10,-14.13839222
NSFTV_123,10,-5.648339643
NSFTV_124,10,-7.531019345
NSFTV_125,10,-18.45740738
NSFTV_128,10,-12.1947341
NSFTV_129,10,-8.209932934
NSFTV_130,10,-11.10619231
NSFTV_131,10,-4.584840986
NSFTV_132,10,0.454395594
NSFTV_134,10,-3.511357855
NSFTV_139,10,-6.145221732
NSFTV_140,10,-16.6298294
NSFTV_141,10,-9.654684722
NSFTV_142,10,-1.645663
NSFTV_143,10,-3.212510236
NSFTV_144,10,1.576660563
NSFTV_145,10,2.426920743
NSFTV_146,10,-3.618046745
NSFTV_147,10,1.008529248
NSFTV_148,10,-10.09306388
NSFTV_149,10,-7.03831998
NSFTV_150,10,-2.043840886
NSFTV_151,10,-3.054880121
NSFTV_152,10,2.824909577
NSFTV_153,10,-11.62788151
NSFTV_154,10,-7.248592224
NSFTV_155,10,-3.770278466
NSFTV_156,10,-2.086065082
NSFTV_157,10,-8.82842999
NSFTV_158,10,-4.334007528
NSFTV_160,10,-12.90555679
NSFTV_161,10,3.558760564
NSFTV_162,10,-8.653254529
NSFTV_163,10,-6.816393551
NSFTV_164,10,6.955229006
NSFTV_165,10,-3.998086283
NSFTV_166,10,-10.50665938
NSFTV_168,10,-3.099387801
NSFTV_171,10,-5.635408247
NSFTV_173,10,-2.147094593
NSFTV_174,10,0.645242963
NSFTV_176,10,-4.648857887
NSFTV_177,10,-3.304715727
NSFTV_179,10,-4.14977368
NSFTV_180,10,0.385198719
NSFTV_182,10,-5.661715789
NSFTV_183,10,-6.144815667
NSFTV_184,10,0.079889158
NSFTV_185,10,-14.12469378
NSFTV_186,10,-8.06332864
NSFTV_187,10,-9.161118609
NSFTV_188,10,-12.18806424
NSFTV_189,10,-1.336109525
NSFTV_190,10,5.536990498
NSFTV_191,10,-14.98357554
NSFTV_192,10,-5.52272914
NSFTV_193,10,-4.820814299
NSFTV_195,10,-2.857601207
NSFTV_198,10,4.186625298
NSFTV_199,10,-2.364018429
NSFTV_200,10,-4.134809026
NSFTV_202,10,-9.367587954
NSFTV_203,10,-19.75020086
NSFTV_205,10,-9.840982291
NSFTV_206,10,-2.615906878
NSFTV_207,10,-11.67778399
NSFTV_208,10,-8.470537964
NSFTV_209,10,-13.50597027
NSFTV_211,10,5.897581667
NSFTV_213,10,-4.247150081
NSFTV_214,10,4.001425615
NSFTV_215,10,-11.08760141
NSFTV_217,10,-2.091464474
NSFTV_218,10,3.64808321
NSFTV_219,10,-11.1434086
NSFTV_220,10,-5.031486259
NSFTV_221,10,-15.37629436
NSFTV_222,10,-13.36868168
NSFTV_223,10,-7.33019746
NSFTV_224,10,-1.633178467
NSFTV_225,10,-1.91420869
NSFTV_226,10,11.14504512
NSFTV_228,10,-1.872182128
NSFTV_233,10,-3.57660915
NSFTV_234,10,-10.72772839
NSFTV_235,10,-4.847404457
NSFTV_236,10,-1.730210725
NSFTV_237,10,-7.428045731
NSFTV_240,10,-7.259908792
NSFTV_241,10,9.022199642
NSFTV_242,10,-11.90384935
NSFTV_243,10,-18.13873012
NSFTV_248,10,3.810758008
NSFTV_250,10,1.821789764
NSFTV_251,10,-3.741927289
NSFTV_252,10,-8.346525294
NSFTV_254,10,-11.87898219
NSFTV_255,10,-2.160995693
NSFTV_257,10,-2.84384307
NSFTV_259,10,-7.460387436
NSFTV_261,10,-5.953553949
NSFTV_262,10,-3.805318334
NSFTV_264,10,-5.215014101
NSFTV_266,10,-11.04557505
NSFTV_267,10,-2.234735053
NSFTV_268,10,-3.607398834
NSFTV_269,10,-1.613917655
NSFTV_270,10,-4.563143551
NSFTV_271,10,-4.401391933
NSFTV_272,10,3.753411959
NSFTV_273,10,-9.387054974
NSFTV_274,10,-5.658683442
NSFTV_275,10,4.889475946
NSFTV_277,10,-16.71615183
NSFTV_278,10,-1.451888214
NSFTV_279,10,-14.68231782
NSFTV_280,10,-3.230257613
NSFTV_282,10,-4.277612434
NSFTV_283,10,-3.495838381
NSFTV_285,10,-11.53504681
NSFTV_286,10,0.416328274
NSFTV_287,10,-15.66959853
NSFTV_288,10,-3.962863028
NSFTV_289,10,-7.099944441
NSFTV_290,10,1.345887682
NSFTV_291,10,1.938316453
NSFTV_293,10,-10.16776314
NSFTV_296,10,-4.77942716
NSFTV_297,10,-9.667998668
NSFTV_298,10,-3.598129528
NSFTV_299,10,1.164509175
NSFTV_300,10,-2.104991773
NSFTV_301,10,-5.108229805
NSFTV_302,10,-2.251102985
NSFTV_303,10,-5.881666805
NSFTV_304,10,-8.045600862
NSFTV_305,10,-7.423256202
NSFTV_306,10,0.818369832
NSFTV_310,10,5.066244475
NSFTV_311,10,0.672059885
NSFTV_312,10,-7.500528193
NSFTV_313,10,-11.13372835
NSFTV_314,10,-0.53189838
NSFTV_315,10,-2.164956477
NSFTV_316,10,-2.039446291
NSFTV_317,10,-3.342429428
NSFTV_318,10,-0.246758161
NSFTV_320,10,7.072878409
NSFTV_323,10,-4.928833219
NSFTV_324,10,-9.07493864
NSFTV_325,10,-18.15433422
NSFTV_328,10,-0.544385997
NSFTV_329,10,-0.048024015
NSFTV_330,10,-7.740864174
NSFTV_331,10,-15.38575828
NSFTV_332,10,-8.828067182
NSFTV_333,10,-2.63027457
NSFTV_334,10,-0.806597334
NSFTV_336,10,-7.061976728
NSFTV_337,10,-14.37210582
NSFTV_340,10,-4.294457752
NSFTV_341,10,-11.0173706
NSFTV_343,10,-5.299679754
NSFTV_345,10,-1.756584812
NSFTV_346,10,-5.363370563
NSFTV_347,10,-9.20234381
NSFTV_348,10,-6.390378629
NSFTV_349,10,-14.07009596
NSFTV_353,10,-4.253586944
NSFTV_355,10,-4.376420866
NSFTV_356,10,-6.49204994
NSFTV_357,10,4.571726991
NSFTV_358,10,-2.395052638
NSFTV_359,10,-0.592645599
NSFTV_360,10,-3.460322146
NSFTV_363,10,5.129761241
NSFTV_364,10,-13.1209954
NSFTV_366,10,-4.833171963
NSFTV_368,10,-0.129007262
NSFTV_369,10,2.157223887
NSFTV_370,10,-6.615379003
NSFTV_371,10,4.407607605
NSFTV_372,10,-2.137293742
NSFTV_375,10,4.107716081
NSFTV_376,10,-11.22503185
NSFTV_377,10,-11.33568752
NSFTV_378,10,-7.669774621
NSFTV_379,10,-17.64214253
NSFTV_380,10,5.666138853
NSFTV_381,10,-10.89459493
NSFTV_384,10,9.7779494
NSFTV_385,10,-8.329610148
NSFTV_386,10,-10.91020225
NSFTV_387,10,-10.19946262
NSFTV_389,10,-6.612731636
NSFTV_391,10,-10.73907831
NSFTV_392,10,1.511761374
NSFTV_394,10,-14.84425509
NSFTV_395,10,-4.803452221
NSFTV_396,10,-6.141019559
NSFTV_616,10,-12.81410843
NSFTV_619,10,-4.313623168
NSFTV_621,10,-4.96743824
NSFTV_622,10,-20.45628821
NSFTV_641,10,-12.76719066
NSFTV_642,10,-10.28087394
NSFTV_643,10,-16.06670111
NSFTV_647,10,-6.778315081
NSFTV_651,10,-1.050675973
NSFTV_19,10,-1.884876355
NSFTV_30,10,-5.746651314
NSFTV_36,10,-11.29908753
NSFTV_52,10,2.288344534
NSFTV_54,10,-11.44508199
NSFTV_62,10,-9.420155038
NSFTV_64,10,-5.147330363
NSFTV_104,10,-4.804977239
NSFTV_159,10,-10.20347122
NSFTV_169,10,-4.814696591
NSFTV_172,10,-12.27721607
NSFTV_229,10,-3.071260749
NSFTV_245,10,-4.885261124
NSFTV_247,10,-4.346897833
NSFTV_263,10,-4.758384754
NSFTV_265,10,-10.02679472
NSFTV_281,10,-13.32063162
NSFTV_284,10,-6.808786652
NSFTV_292,10,-8.369220405
NSFTV_295,10,-11.12228643
NSFTV_390,10,-10.64480579
NSFTV_620,10,-12.52286679
NSFTV_623,10,-8.249838717
NSFTV_624,10,4.662402015
NSFTV_625,10,-6.439702067
NSFTV_626,10,-13.5596361
NSFTV_627,10,-8.441640058
NSFTV_633,10,-11.10389516
NSFTV_634,10,-8.096255886
NSFTV_244,10,-1.454709974
NSFTV_135,10,12.78638264
NSFTV_326,10,2.23134519
NSFTV_37,10,-9.063190042
NSFTV_629,10,-1.769026909
NSFTV_342,10,-7.308889388
NSFTV_90,10,-9.758315525
NSFTV_327,10,3.176169381
NSFTV_322,10,-0.386241807
NSFTV_112,10,-5.515975007
NSFTV_352,10,7.446225568
NSFTV_231,10,-9.556467713
NSFTV_227,10,-10.85003528
NSFTV_167,10,-0.201025875
NSFTV_253,10,-2.461409956
NSFTV_246,10,-19.73179608
NSFTV_239,10,-13.81981481
NSFTV_397,10,3.405069617
NSFTV_618,10,-11.00131898
NSFTV_373,10,4.019349542
NSFTV_260,10,-4.214277598
NSFTV_338,10,0.494914479
NSFTV_388,10,0.024075445
NSFTV_365,10,-9.049004415
NSFTV_307,10,-6.197760467
NSFTV_21,10,-11.20530652
NSFTV_256,10,-10.05390368
NSFTV_339,10,-5.965894895
NSFTV_133,10,-5.85547724
NSFTV_216,10,-6.336899042